build-ipa	Set up job	﻿2025-10-22T03:31:54.6018120Z Current runner version: '2.329.0'
build-ipa	Set up job	2025-10-22T03:31:54.6035670Z ##[group]Runner Image Provisioner
build-ipa	Set up job	2025-10-22T03:31:54.6036340Z Hosted Compute Agent
build-ipa	Set up job	2025-10-22T03:31:54.6036770Z Version: 20251016.436
build-ipa	Set up job	2025-10-22T03:31:54.6037230Z Commit: 8ab8ac8bfd662a3739dab9fe09456aba92132568
build-ipa	Set up job	2025-10-22T03:31:54.6037730Z Build Date: 2025-10-15T20:44:12Z
build-ipa	Set up job	2025-10-22T03:31:54.6038200Z ##[endgroup]
build-ipa	Set up job	2025-10-22T03:31:54.6038600Z ##[group]Operating System
build-ipa	Set up job	2025-10-22T03:31:54.6039040Z macOS
build-ipa	Set up job	2025-10-22T03:31:54.6039350Z 15.6.1
build-ipa	Set up job	2025-10-22T03:31:54.6039650Z 24G90
build-ipa	Set up job	2025-10-22T03:31:54.6039970Z ##[endgroup]
build-ipa	Set up job	2025-10-22T03:31:54.6040300Z ##[group]Runner Image
build-ipa	Set up job	2025-10-22T03:31:54.6040650Z Image: macos-15-arm64
build-ipa	Set up job	2025-10-22T03:31:54.6041000Z Version: 20251015.0042
build-ipa	Set up job	2025-10-22T03:31:54.6041760Z Included Software: https://github.com/actions/runner-images/blob/macos-15-arm64/20251015.0042/images/macos/macos-15-arm64-Readme.md
build-ipa	Set up job	2025-10-22T03:31:54.6042780Z Image Release: https://github.com/actions/runner-images/releases/tag/macos-15-arm64%2F20251015.0042
build-ipa	Set up job	2025-10-22T03:31:54.6043580Z ##[endgroup]
build-ipa	Set up job	2025-10-22T03:31:54.6044340Z ##[group]GITHUB_TOKEN Permissions
build-ipa	Set up job	2025-10-22T03:31:54.6045960Z Contents: read
build-ipa	Set up job	2025-10-22T03:31:54.6046360Z Metadata: read
build-ipa	Set up job	2025-10-22T03:31:54.6046730Z Packages: read
build-ipa	Set up job	2025-10-22T03:31:54.6047100Z ##[endgroup]
build-ipa	Set up job	2025-10-22T03:31:54.6049010Z Secret source: Actions
build-ipa	Set up job	2025-10-22T03:31:54.6049530Z Prepare workflow directory
build-ipa	Set up job	2025-10-22T03:31:54.6442590Z Prepare all required actions
build-ipa	Set up job	2025-10-22T03:31:54.6469790Z Getting action download info
build-ipa	Set up job	2025-10-22T03:31:54.9458030Z Download action repository 'actions/checkout@v4' (SHA:08eba0b27e820071cde6df949e0beb9ba4906955)
build-ipa	Set up job	2025-10-22T03:31:55.2722620Z Download action repository 'maxim-lobanov/setup-xcode@v1' (SHA:60606e260d2fc5762a71e64e74b2174e8ea3c8bd)
build-ipa	Set up job	2025-10-22T03:31:56.4725120Z Download action repository 'apple-actions/import-codesign-certs@v2' (SHA:8f3fb608891dd2244cdab3d69cd68c0d37a7fe93)
build-ipa	Set up job	2025-10-22T03:31:57.6431230Z Download action repository 'actions/upload-artifact@v4' (SHA:ea165f8d65b6e75b540449e92b4886f43607fa02)
build-ipa	Set up job	2025-10-22T03:31:57.8425450Z Complete job name: build-ipa
build-ipa	Checkout	﻿2025-10-22T03:31:57.8785490Z ##[group]Run actions/checkout@v4
build-ipa	Checkout	2025-10-22T03:31:57.8785960Z with:
build-ipa	Checkout	2025-10-22T03:31:57.8786140Z   repository: kshravi86/vyasfather
build-ipa	Checkout	2025-10-22T03:31:57.8786620Z   token: ***
build-ipa	Checkout	2025-10-22T03:31:57.8786760Z   ssh-strict: true
build-ipa	Checkout	2025-10-22T03:31:57.8786910Z   ssh-user: git
build-ipa	Checkout	2025-10-22T03:31:57.8787080Z   persist-credentials: true
build-ipa	Checkout	2025-10-22T03:31:57.8787250Z   clean: true
build-ipa	Checkout	2025-10-22T03:31:57.8787410Z   sparse-checkout-cone-mode: true
build-ipa	Checkout	2025-10-22T03:31:57.8787600Z   fetch-depth: 1
build-ipa	Checkout	2025-10-22T03:31:57.8787760Z   fetch-tags: false
build-ipa	Checkout	2025-10-22T03:31:57.8787930Z   show-progress: true
build-ipa	Checkout	2025-10-22T03:31:57.8788090Z   lfs: false
build-ipa	Checkout	2025-10-22T03:31:57.8788220Z   submodules: false
build-ipa	Checkout	2025-10-22T03:31:57.8788380Z   set-safe-directory: true
build-ipa	Checkout	2025-10-22T03:31:57.8788660Z env:
build-ipa	Checkout	2025-10-22T03:31:57.8788840Z   IOS_TEAM_ID: ***
build-ipa	Checkout	2025-10-22T03:31:57.8807220Z   P12_BASE64: ***
build-ipa	Checkout	2025-10-22T03:31:57.8807400Z   P12_PASSWORD: ***
build-ipa	Checkout	2025-10-22T03:31:57.9583270Z   PROVISIONING_PROFILE_BASE64: ***
build-ipa	Checkout	2025-10-22T03:31:57.9583720Z ##[endgroup]
build-ipa	Checkout	2025-10-22T03:31:58.2890390Z Syncing repository: kshravi86/vyasfather
build-ipa	Checkout	2025-10-22T03:31:58.2891920Z ##[group]Getting Git version info
build-ipa	Checkout	2025-10-22T03:31:58.2892230Z Working directory is '/Users/runner/work/vyasfather/vyasfather'
build-ipa	Checkout	2025-10-22T03:31:58.2892670Z [command]/opt/homebrew/bin/git version
build-ipa	Checkout	2025-10-22T03:31:58.3336910Z git version 2.50.1
build-ipa	Checkout	2025-10-22T03:31:58.3366700Z ##[endgroup]
build-ipa	Checkout	2025-10-22T03:31:58.3372780Z Copying '/Users/runner/.gitconfig' to '/Users/runner/work/_temp/9b5ecb0f-7112-40bb-bedd-4e86ae3e26f9/.gitconfig'
build-ipa	Checkout	2025-10-22T03:31:58.3379210Z Temporarily overriding HOME='/Users/runner/work/_temp/9b5ecb0f-7112-40bb-bedd-4e86ae3e26f9' before making global git config changes
build-ipa	Checkout	2025-10-22T03:31:58.3380070Z Adding repository directory to the temporary git global config as a safe directory
build-ipa	Checkout	2025-10-22T03:31:58.3388180Z [command]/opt/homebrew/bin/git config --global --add safe.directory /Users/runner/work/vyasfather/vyasfather
build-ipa	Checkout	2025-10-22T03:31:58.3478530Z Deleting the contents of '/Users/runner/work/vyasfather/vyasfather'
build-ipa	Checkout	2025-10-22T03:31:58.3480980Z ##[group]Initializing the repository
build-ipa	Checkout	2025-10-22T03:31:58.3485290Z [command]/opt/homebrew/bin/git init /Users/runner/work/vyasfather/vyasfather
build-ipa	Checkout	2025-10-22T03:31:58.3671650Z hint: Using 'master' as the name for the initial branch. This default branch name
build-ipa	Checkout	2025-10-22T03:31:58.3675110Z hint: is subject to change. To configure the initial branch name to use in all
build-ipa	Checkout	2025-10-22T03:31:58.3675730Z hint: of your new repositories, which will suppress this warning, call:
build-ipa	Checkout	2025-10-22T03:31:58.3676160Z hint:
build-ipa	Checkout	2025-10-22T03:31:58.3676510Z hint: 	git config --global init.defaultBranch <name>
build-ipa	Checkout	2025-10-22T03:31:58.3676880Z hint:
build-ipa	Checkout	2025-10-22T03:31:58.3677210Z hint: Names commonly chosen instead of 'master' are 'main', 'trunk' and
build-ipa	Checkout	2025-10-22T03:31:58.3677730Z hint: 'development'. The just-created branch can be renamed via this command:
build-ipa	Checkout	2025-10-22T03:31:58.3678120Z hint:
build-ipa	Checkout	2025-10-22T03:31:58.3678390Z hint: 	git branch -m <name>
build-ipa	Checkout	2025-10-22T03:31:58.3678720Z hint:
build-ipa	Checkout	2025-10-22T03:31:58.3679100Z hint: Disable this message with "git config set advice.defaultBranchName false"
build-ipa	Checkout	2025-10-22T03:31:58.3679800Z Initialized empty Git repository in /Users/runner/work/vyasfather/vyasfather/.git/
build-ipa	Checkout	2025-10-22T03:31:58.3681390Z [command]/opt/homebrew/bin/git remote add origin https://github.com/kshravi86/vyasfather
build-ipa	Checkout	2025-10-22T03:31:58.3750780Z ##[endgroup]
build-ipa	Checkout	2025-10-22T03:31:58.3751160Z ##[group]Disabling automatic garbage collection
build-ipa	Checkout	2025-10-22T03:31:58.3753920Z [command]/opt/homebrew/bin/git config --local gc.auto 0
build-ipa	Checkout	2025-10-22T03:31:58.3810460Z ##[endgroup]
build-ipa	Checkout	2025-10-22T03:31:58.3810920Z ##[group]Setting up auth
build-ipa	Checkout	2025-10-22T03:31:58.3815190Z [command]/opt/homebrew/bin/git config --local --name-only --get-regexp core\.sshCommand
build-ipa	Checkout	2025-10-22T03:31:58.3876710Z [command]/opt/homebrew/bin/git submodule foreach --recursive sh -c "git config --local --name-only --get-regexp 'core\.sshCommand' && git config --local --unset-all 'core.sshCommand' || :"
build-ipa	Checkout	2025-10-22T03:31:58.4826950Z [command]/opt/homebrew/bin/git config --local --name-only --get-regexp http\.https\:\/\/github\.com\/\.extraheader
build-ipa	Checkout	2025-10-22T03:31:58.4884950Z [command]/opt/homebrew/bin/git submodule foreach --recursive sh -c "git config --local --name-only --get-regexp 'http\.https\:\/\/github\.com\/\.extraheader' && git config --local --unset-all 'http.https://github.com/.extraheader' || :"
build-ipa	Checkout	2025-10-22T03:31:58.5874050Z [command]/opt/homebrew/bin/git config --local http.https://github.com/.extraheader AUTHORIZATION: basic ***
build-ipa	Checkout	2025-10-22T03:31:58.6021790Z ##[endgroup]
build-ipa	Checkout	2025-10-22T03:31:58.6022210Z ##[group]Fetching the repository
build-ipa	Checkout	2025-10-22T03:31:58.6022900Z [command]/opt/homebrew/bin/git -c protocol.version=2 fetch --no-tags --prune --no-recurse-submodules --depth=1 origin +85ea679bc99dba55033fabaaf6adee0bf98bbc9b:refs/remotes/origin/main
build-ipa	Checkout	2025-10-22T03:32:01.6021730Z From https://github.com/kshravi86/vyasfather
build-ipa	Checkout	2025-10-22T03:32:01.6024480Z  * [new ref]         85ea679bc99dba55033fabaaf6adee0bf98bbc9b -> origin/main
build-ipa	Checkout	2025-10-22T03:32:01.6116860Z ##[endgroup]
build-ipa	Checkout	2025-10-22T03:32:01.6117490Z ##[group]Determining the checkout info
build-ipa	Checkout	2025-10-22T03:32:01.6118160Z ##[endgroup]
build-ipa	Checkout	2025-10-22T03:32:01.6124030Z [command]/opt/homebrew/bin/git sparse-checkout disable
build-ipa	Checkout	2025-10-22T03:32:01.6199420Z [command]/opt/homebrew/bin/git config --local --unset-all extensions.worktreeConfig
build-ipa	Checkout	2025-10-22T03:32:01.6260850Z ##[group]Checking out the ref
build-ipa	Checkout	2025-10-22T03:32:01.6264110Z [command]/opt/homebrew/bin/git checkout --progress --force -B main refs/remotes/origin/main
build-ipa	Checkout	2025-10-22T03:32:01.8619360Z Switched to a new branch 'main'
build-ipa	Checkout	2025-10-22T03:32:01.8720040Z branch 'main' set up to track 'origin/main'.
build-ipa	Checkout	2025-10-22T03:32:01.8988240Z ##[endgroup]
build-ipa	Checkout	2025-10-22T03:32:01.9292460Z [command]/opt/homebrew/bin/git log -1 --format=%H
build-ipa	Checkout	2025-10-22T03:32:01.9393720Z 85ea679bc99dba55033fabaaf6adee0bf98bbc9b
build-ipa	Setup Xcode	﻿2025-10-22T03:32:01.9564730Z ##[group]Run maxim-lobanov/setup-xcode@v1
build-ipa	Setup Xcode	2025-10-22T03:32:01.9565170Z with:
build-ipa	Setup Xcode	2025-10-22T03:32:01.9565420Z   xcode-version: latest-stable
build-ipa	Setup Xcode	2025-10-22T03:32:01.9583680Z env:
build-ipa	Setup Xcode	2025-10-22T03:32:01.9584150Z   IOS_TEAM_ID: ***
build-ipa	Setup Xcode	2025-10-22T03:32:01.9603150Z   P12_BASE64: ***
build-ipa	Setup Xcode	2025-10-22T03:32:01.9603380Z   P12_PASSWORD: ***
build-ipa	Setup Xcode	2025-10-22T03:32:02.0689160Z   PROVISIONING_PROFILE_BASE64: ***
build-ipa	Setup Xcode	2025-10-22T03:32:02.0689730Z ##[endgroup]
build-ipa	Setup Xcode	2025-10-22T03:32:02.1579610Z Switching Xcode to version 'latest-stable'...
build-ipa	Setup Xcode	2025-10-22T03:32:02.2946390Z Xcode is set to 26.0.1 (17A400)
build-ipa	Show Xcode version	﻿2025-10-22T03:32:02.3093770Z ##[group]Run xcodebuild -version
build-ipa	Show Xcode version	2025-10-22T03:32:02.3094140Z [36;1mxcodebuild -version[0m
build-ipa	Show Xcode version	2025-10-22T03:32:02.3271620Z shell: /bin/bash -e {0}
build-ipa	Show Xcode version	2025-10-22T03:32:02.3271880Z env:
build-ipa	Show Xcode version	2025-10-22T03:32:02.3272230Z   IOS_TEAM_ID: ***
build-ipa	Show Xcode version	2025-10-22T03:32:02.3290940Z   P12_BASE64: ***
build-ipa	Show Xcode version	2025-10-22T03:32:02.3291170Z   P12_PASSWORD: ***
build-ipa	Show Xcode version	2025-10-22T03:32:02.4415610Z   PROVISIONING_PROFILE_BASE64: ***
build-ipa	Show Xcode version	2025-10-22T03:32:02.4416030Z   MD_APPLE_SDK_ROOT: /Applications/Xcode_26.0.1.app
build-ipa	Show Xcode version	2025-10-22T03:32:02.4416310Z ##[endgroup]
build-ipa	Show Xcode version	2025-10-22T03:32:05.2726970Z Xcode 26.0.1
build-ipa	Show Xcode version	2025-10-22T03:32:05.2729230Z Build version 17A400
build-ipa	Generate App Icons (blue-white star)	﻿2025-10-22T03:32:05.2810410Z ##[group]Run chmod +x scripts/generate_app_icon.swift
build-ipa	Generate App Icons (blue-white star)	2025-10-22T03:32:05.2812240Z [36;1mchmod +x scripts/generate_app_icon.swift[0m
build-ipa	Generate App Icons (blue-white star)	2025-10-22T03:32:05.2813370Z [36;1mswift scripts/generate_app_icon.swift[0m
build-ipa	Generate App Icons (blue-white star)	2025-10-22T03:32:05.2852350Z shell: /bin/bash -e {0}
build-ipa	Generate App Icons (blue-white star)	2025-10-22T03:32:05.2852650Z env:
build-ipa	Generate App Icons (blue-white star)	2025-10-22T03:32:05.2853400Z   IOS_TEAM_ID: ***
build-ipa	Generate App Icons (blue-white star)	2025-10-22T03:32:05.2875220Z   P12_BASE64: ***
build-ipa	Generate App Icons (blue-white star)	2025-10-22T03:32:05.2875630Z   P12_PASSWORD: ***
build-ipa	Generate App Icons (blue-white star)	2025-10-22T03:32:05.3858950Z   PROVISIONING_PROFILE_BASE64: ***
build-ipa	Generate App Icons (blue-white star)	2025-10-22T03:32:05.3859340Z   MD_APPLE_SDK_ROOT: /Applications/Xcode_26.0.1.app
build-ipa	Generate App Icons (blue-white star)	2025-10-22T03:32:05.3859570Z ##[endgroup]
build-ipa	Generate App Icons (blue-white star)	2025-10-22T03:32:11.1891630Z scripts/generate_app_icon.swift:44:68: warning: 'kUTTypePNG' was deprecated in macOS 12.0: Use UTTypePNG or UTType.png (swift) instead. [#DeprecatedDeclaration]
build-ipa	Generate App Icons (blue-white star)	2025-10-22T03:32:11.1894320Z  42 | func writePNG(context: CGContext, to url: URL) {
build-ipa	Generate App Icons (blue-white star)	2025-10-22T03:32:11.1894770Z  43 |     guard let image = context.makeImage(),
build-ipa	Generate App Icons (blue-white star)	2025-10-22T03:32:11.1897070Z  44 |           let dest = CGImageDestinationCreateWithURL(url as CFURL, kUTTypePNG, 1, nil) else { return }
build-ipa	Generate App Icons (blue-white star)	2025-10-22T03:32:11.1902680Z     |                                                                    `- warning: 'kUTTypePNG' was deprecated in macOS 12.0: Use UTTypePNG or UTType.png (swift) instead. [#DeprecatedDeclaration]
build-ipa	Generate App Icons (blue-white star)	2025-10-22T03:32:11.1903990Z  45 |     CGImageDestinationAddImage(dest, image, nil)
build-ipa	Generate App Icons (blue-white star)	2025-10-22T03:32:11.1904580Z  46 |     CGImageDestinationFinalize(dest)
build-ipa	Generate App Icons (blue-white star)	2025-10-22T03:32:11.1904890Z 
build-ipa	Generate App Icons (blue-white star)	2025-10-22T03:32:11.5225350Z Generated AppIcon set with blue-white star icons.
build-ipa	Generate App Icons (blue-white star)	2025-10-22T03:32:11.5259030Z scripts/generate_app_icon.swift:100:13: warning: variable 'entry' was never mutated; consider changing to 'let' constant
build-ipa	Generate App Icons (blue-white star)	2025-10-22T03:32:11.5259650Z  98 |     var images: [[String: Any]] = []
build-ipa	Generate App Icons (blue-white star)	2025-10-22T03:32:11.5260220Z  99 |     for s in specs {
build-ipa	Generate App Icons (blue-white star)	2025-10-22T03:32:11.5260620Z 100 |         var entry: [String: Any] = [
build-ipa	Generate App Icons (blue-white star)	2025-10-22T03:32:11.5261220Z     |             `- warning: variable 'entry' was never mutated; consider changing to 'let' constant
build-ipa	Generate App Icons (blue-white star)	2025-10-22T03:32:11.5261660Z 101 |             "idiom": s.idiom,
build-ipa	Generate App Icons (blue-white star)	2025-10-22T03:32:11.5262020Z 102 |             "size": s.sizePoint,
build-ipa	Generate App Icons (blue-white star)	2025-10-22T03:32:11.5262160Z 
build-ipa	Generate App Icons (blue-white star)	2025-10-22T03:32:11.5262540Z [#DeprecatedDeclaration]: <https://docs.swift.org/compiler/documentation/diagnostics/deprecated-declaration>
build-ipa	Build Swiss Ephemeris static library	﻿2025-10-22T03:32:11.5503170Z ##[group]Run set -euo pipefail
build-ipa	Build Swiss Ephemeris static library	2025-10-22T03:32:11.5503650Z [36;1mset -euo pipefail[0m
build-ipa	Build Swiss Ephemeris static library	2025-10-22T03:32:11.5503990Z [36;1mSRC_DIR="ThirdParty/SwissEph/src"[0m
build-ipa	Build Swiss Ephemeris static library	2025-10-22T03:32:11.5504250Z [36;1mmkdir -p ThirdParty/SwissEph/lib[0m
build-ipa	Build Swiss Ephemeris static library	2025-10-22T03:32:11.5504550Z [36;1mpushd "$SRC_DIR" >/dev/null[0m
build-ipa	Build Swiss Ephemeris static library	2025-10-22T03:32:11.5504800Z [36;1mSDK=$(xcrun --sdk iphoneos --show-sdk-path)[0m
build-ipa	Build Swiss Ephemeris static library	2025-10-22T03:32:11.5505050Z [36;1mCC=$(xcrun --sdk iphoneos -f clang)[0m
build-ipa	Build Swiss Ephemeris static library	2025-10-22T03:32:11.5614180Z [36;1mCFLAGS="-arch arm64 -isysroot $SDK -O2 -fembed-bitcode -I."[0m
build-ipa	Build Swiss Ephemeris static library	2025-10-22T03:32:11.5619800Z [36;1mOBJS=()[0m
build-ipa	Build Swiss Ephemeris static library	2025-10-22T03:32:11.5620040Z [36;1mfor c in swe*.c swem*.c sweh*.c; do[0m
build-ipa	Build Swiss Ephemeris static library	2025-10-22T03:32:11.5620370Z [36;1m  # exclude test program if present[0m
build-ipa	Build Swiss Ephemeris static library	2025-10-22T03:32:11.5620610Z [36;1m  if [ "$c" = "swetest.c" ]; then continue; fi[0m
build-ipa	Build Swiss Ephemeris static library	2025-10-22T03:32:11.5620980Z [36;1m  echo "Compiling $c"; "$CC" $CFLAGS -c "$c" -o "${c%.c}.o"[0m
build-ipa	Build Swiss Ephemeris static library	2025-10-22T03:32:11.5621340Z [36;1m  OBJS+=("${c%.c}.o")[0m
build-ipa	Build Swiss Ephemeris static library	2025-10-22T03:32:11.5621600Z [36;1mdone[0m
build-ipa	Build Swiss Ephemeris static library	2025-10-22T03:32:11.5621840Z [36;1mecho "Creating libswe.a"; libtool -static -o libswe.a "${OBJS[@]}"[0m
build-ipa	Build Swiss Ephemeris static library	2025-10-22T03:32:11.5622150Z [36;1mmv libswe.a ../lib/[0m
build-ipa	Build Swiss Ephemeris static library	2025-10-22T03:32:11.5622390Z [36;1mpopd >/dev/null[0m
build-ipa	Build Swiss Ephemeris static library	2025-10-22T03:32:11.5661370Z shell: /bin/bash -e {0}
build-ipa	Build Swiss Ephemeris static library	2025-10-22T03:32:11.5661540Z env:
build-ipa	Build Swiss Ephemeris static library	2025-10-22T03:32:11.5661880Z   IOS_TEAM_ID: ***
build-ipa	Build Swiss Ephemeris static library	2025-10-22T03:32:11.5680390Z   P12_BASE64: ***
build-ipa	Build Swiss Ephemeris static library	2025-10-22T03:32:11.5680780Z   P12_PASSWORD: ***
build-ipa	Build Swiss Ephemeris static library	2025-10-22T03:32:11.6827600Z   PROVISIONING_PROFILE_BASE64: ***
build-ipa	Build Swiss Ephemeris static library	2025-10-22T03:32:11.6829030Z   MD_APPLE_SDK_ROOT: /Applications/Xcode_26.0.1.app
build-ipa	Build Swiss Ephemeris static library	2025-10-22T03:32:11.6830500Z ##[endgroup]
build-ipa	Build Swiss Ephemeris static library	2025-10-22T03:32:14.0528310Z Compiling sweasp.c
build-ipa	Build Swiss Ephemeris static library	2025-10-22T03:32:14.4364140Z sweasp.c:650:7: warning: 'gets' is deprecated: This function is provided for compatibility reasons only.  Due to security concerns inherent in the design of gets(3), it is highly recommended that you use fgets(3) instead. [-Wdeprecated-declarations]
build-ipa	Build Swiss Ephemeris static library	2025-10-22T03:32:14.4375800Z   650 |       gets(sdate);
build-ipa	Build Swiss Ephemeris static library	2025-10-22T03:32:14.4376780Z       |       ^
build-ipa	Build Swiss Ephemeris static library	2025-10-22T03:32:14.4380490Z /Applications/Xcode_26.0.1.app/Contents/Developer/Platforms/iPhoneOS.platform/Developer/SDKs/iPhoneOS26.0.sdk/usr/include/_stdio.h:260:1: note: 'gets' has been explicitly marked deprecated here
build-ipa	Build Swiss Ephemeris static library	2025-10-22T03:32:14.4383750Z   260 | __deprecated_msg("This function is provided for compatibility reasons only.  Due to security concerns inherent in the design of gets(3), it is highly recommended that you use fgets(3) instead.")
build-ipa	Build Swiss Ephemeris static library	2025-10-22T03:32:14.4385510Z       | ^
build-ipa	Build Swiss Ephemeris static library	2025-10-22T03:32:14.4387600Z /Applications/Xcode_26.0.1.app/Contents/Developer/Platforms/iPhoneOS.platform/Developer/SDKs/iPhoneOS26.0.sdk/usr/include/sys/cdefs.h:227:48: note: expanded from macro '__deprecated_msg'
build-ipa	Build Swiss Ephemeris static library	2025-10-22T03:32:14.4389660Z   227 |         #define __deprecated_msg(_msg) __attribute__((__deprecated__(_msg)))
build-ipa	Build Swiss Ephemeris static library	2025-10-22T03:32:14.4390730Z       |                                                       ^
build-ipa	Build Swiss Ephemeris static library	2025-10-22T03:32:14.4427680Z sweasp.c:1498:20: warning: format string is not a string literal (potentially insecure) [-Wformat-security]
build-ipa	Build Swiss Ephemeris static library	2025-10-22T03:32:14.4428930Z  1498 |             printf(styp);
build-ipa	Build Swiss Ephemeris static library	2025-10-22T03:32:14.4429380Z       |                    ^~~~
build-ipa	Build Swiss Ephemeris static library	2025-10-22T03:32:14.4437810Z sweasp.c:1498:20: note: treat the string as an argument to avoid this
build-ipa	Build Swiss Ephemeris static library	2025-10-22T03:32:14.4438310Z  1498 |             printf(styp);
build-ipa	Build Swiss Ephemeris static library	2025-10-22T03:32:14.4438510Z       |                    ^
build-ipa	Build Swiss Ephemeris static library	2025-10-22T03:32:14.4438760Z       |                    "%s", 
build-ipa	Build Swiss Ephemeris static library	2025-10-22T03:32:14.4548370Z sweasp.c:1663:10: warning: format string is not a string literal (potentially insecure) [-Wformat-security]
build-ipa	Build Swiss Ephemeris static library	2025-10-22T03:32:14.4549580Z  1663 |   printf(info);
build-ipa	Build Swiss Ephemeris static library	2025-10-22T03:32:14.4550230Z       |          ^~~~
build-ipa	Build Swiss Ephemeris static library	2025-10-22T03:32:14.4550920Z sweasp.c:1663:10: note: treat the string as an argument to avoid this
build-ipa	Build Swiss Ephemeris static library	2025-10-22T03:32:14.4551800Z  1663 |   printf(info);
build-ipa	Build Swiss Ephemeris static library	2025-10-22T03:32:14.4552290Z       |          ^
build-ipa	Build Swiss Ephemeris static library	2025-10-22T03:32:14.4552790Z       |          "%s", 
build-ipa	Build Swiss Ephemeris static library	2025-10-22T03:32:14.5862800Z 3 warnings generated.
build-ipa	Build Swiss Ephemeris static library	2025-10-22T03:32:14.7069950Z Compiling swecl.c
build-ipa	Build Swiss Ephemeris static library	2025-10-22T03:32:15.1299140Z Compiling sweclips.c
build-ipa	Build Swiss Ephemeris static library	2025-10-22T03:32:15.1552080Z sweclips.c:339:5: warning: 'gets' is deprecated: This function is provided for compatibility reasons only.  Due to security concerns inherent in the design of gets(3), it is highly recommended that you use fgets(3) instead. [-Wdeprecated-declarations]
build-ipa	Build Swiss Ephemeris static library	2025-10-22T03:32:15.1553100Z   339 |     gets(sdate);
build-ipa	Build Swiss Ephemeris static library	2025-10-22T03:32:15.1553410Z       |     ^
build-ipa	Build Swiss Ephemeris static library	2025-10-22T03:32:15.1554080Z /Applications/Xcode_26.0.1.app/Contents/Developer/Platforms/iPhoneOS.platform/Developer/SDKs/iPhoneOS26.0.sdk/usr/include/_stdio.h:260:1: note: 'gets' has been explicitly marked deprecated here
build-ipa	Build Swiss Ephemeris static library	2025-10-22T03:32:15.1555850Z   260 | __deprecated_msg("This function is provided for compatibility reasons only.  Due to security concerns inherent in the design of gets(3), it is highly recommended that you use fgets(3) instead.")
build-ipa	Build Swiss Ephemeris static library	2025-10-22T03:32:15.1556430Z       | ^
build-ipa	Build Swiss Ephemeris static library	2025-10-22T03:32:15.1557170Z /Applications/Xcode_26.0.1.app/Contents/Developer/Platforms/iPhoneOS.platform/Developer/SDKs/iPhoneOS26.0.sdk/usr/include/sys/cdefs.h:227:48: note: expanded from macro '__deprecated_msg'
build-ipa	Build Swiss Ephemeris static library	2025-10-22T03:32:15.1557970Z   227 |         #define __deprecated_msg(_msg) __attribute__((__deprecated__(_msg)))
build-ipa	Build Swiss Ephemeris static library	2025-10-22T03:32:15.1558350Z       |                                                       ^
build-ipa	Build Swiss Ephemeris static library	2025-10-22T03:32:15.1588820Z sweclips.c:854:10: warning: format string is not a string literal (potentially insecure) [-Wformat-security]
build-ipa	Build Swiss Ephemeris static library	2025-10-22T03:32:15.1590040Z   854 |   printf(info);
build-ipa	Build Swiss Ephemeris static library	2025-10-22T03:32:15.1590690Z       |          ^~~~
build-ipa	Build Swiss Ephemeris static library	2025-10-22T03:32:15.1593280Z sweclips.c:854:10: note: treat the string as an argument to avoid this
build-ipa	Build Swiss Ephemeris static library	2025-10-22T03:32:15.1593940Z   854 |   printf(info);
build-ipa	Build Swiss Ephemeris static library	2025-10-22T03:32:15.1594170Z       |          ^
build-ipa	Build Swiss Ephemeris static library	2025-10-22T03:32:15.1594380Z       |          "%s", 
build-ipa	Build Swiss Ephemeris static library	2025-10-22T03:32:15.1880760Z 2 warnings generated.
build-ipa	Build Swiss Ephemeris static library	2025-10-22T03:32:15.2400340Z Compiling swedate.c
build-ipa	Build Swiss Ephemeris static library	2025-10-22T03:32:15.3024380Z Compiling sweephe4.c
build-ipa	Build Swiss Ephemeris static library	2025-10-22T03:32:15.3287520Z sweephe4.c:673:9: warning: a function declaration without a prototype is deprecated in all versions of C and is treated as a zero-parameter prototype in C23, conflicting with a previous declaration [-Wdeprecated-non-prototype]
build-ipa	Build Swiss Ephemeris static library	2025-10-22T03:32:15.3289510Z   673 |   char *getenv();
build-ipa	Build Swiss Ephemeris static library	2025-10-22T03:32:15.3290060Z       |         ^
build-ipa	Build Swiss Ephemeris static library	2025-10-22T03:32:15.3291650Z /Applications/Xcode_26.0.1.app/Contents/Developer/Platforms/iPhoneOS.platform/Developer/SDKs/iPhoneOS26.0.sdk/usr/include/_stdlib.h:167:18: note: conflicting prototype is here
build-ipa	Build Swiss Ephemeris static library	2025-10-22T03:32:15.3293340Z   167 | char *_LIBC_CSTR        getenv(const char *);
build-ipa	Build Swiss Ephemeris static library	2025-10-22T03:32:15.3294100Z       |                         ^
build-ipa	Build Swiss Ephemeris static library	2025-10-22T03:32:15.3634020Z 1 warning generated.
build-ipa	Build Swiss Ephemeris static library	2025-10-22T03:32:15.4073660Z Compiling swehel.c
build-ipa	Build Swiss Ephemeris static library	2025-10-22T03:32:15.6647370Z Compiling swehouse.c
build-ipa	Build Swiss Ephemeris static library	2025-10-22T03:32:15.9040690Z Compiling swejpl.c
build-ipa	Build Swiss Ephemeris static library	2025-10-22T03:32:16.0170430Z Compiling swemini.c
build-ipa	Build Swiss Ephemeris static library	2025-10-22T03:32:16.0531550Z Compiling swemmoon.c
build-ipa	Build Swiss Ephemeris static library	2025-10-22T03:32:16.1396630Z Compiling swemplan.c
build-ipa	Build Swiss Ephemeris static library	2025-10-22T03:32:16.2571760Z Compiling sweph.c
build-ipa	Build Swiss Ephemeris static library	2025-10-22T03:32:16.9735670Z Compiling swephgen4.c
build-ipa	Build Swiss Ephemeris static library	2025-10-22T03:32:17.0054980Z swephgen4.c:85:5: warning: a function definition without a prototype is deprecated in all versions of C and is not supported in C23 [-Wdeprecated-non-prototype]
build-ipa	Build Swiss Ephemeris static library	2025-10-22T03:32:17.0058770Z    85 | int split(w, m, min, sec)
build-ipa	Build Swiss Ephemeris static library	2025-10-22T03:32:17.0059590Z       |     ^
build-ipa	Build Swiss Ephemeris static library	2025-10-22T03:32:17.0062700Z swephgen4.c:168:7: warning: a function definition without a prototype is deprecated in all versions of C and is not supported in C23 [-Wdeprecated-non-prototype]
build-ipa	Build Swiss Ephemeris static library	2025-10-22T03:32:17.0068810Z   168 | char *degstr (t)
build-ipa	Build Swiss Ephemeris static library	2025-10-22T03:32:17.0069770Z       |       ^
build-ipa	Build Swiss Ephemeris static library	2025-10-22T03:32:17.0211490Z 2 warnings generated.
build-ipa	Build Swiss Ephemeris static library	2025-10-22T03:32:17.0439770Z Compiling swephlib.c
build-ipa	Build Swiss Ephemeris static library	2025-10-22T03:32:17.3123120Z Compiling swevents.c
build-ipa	Build Swiss Ephemeris static library	2025-10-22T03:32:17.3388760Z swevents.c:420:14: warning: format string is not a string literal (potentially insecure) [-Wformat-security]
build-ipa	Build Swiss Ephemeris static library	2025-10-22T03:32:17.3390910Z   420 |       printf(info);
build-ipa	Build Swiss Ephemeris static library	2025-10-22T03:32:17.3391620Z       |              ^~~~
build-ipa	Build Swiss Ephemeris static library	2025-10-22T03:32:17.3393230Z swevents.c:420:14: note: treat the string as an argument to avoid this
build-ipa	Build Swiss Ephemeris static library	2025-10-22T03:32:17.3394070Z   420 |       printf(info);
build-ipa	Build Swiss Ephemeris static library	2025-10-22T03:32:17.3394700Z       |              ^
build-ipa	Build Swiss Ephemeris static library	2025-10-22T03:32:17.3395280Z       |              "%s", 
build-ipa	Build Swiss Ephemeris static library	2025-10-22T03:32:17.3442770Z swevents.c:1376:2: warning: 'sprintf' will always overflow; destination buffer has size 10, but format string expands to at least 22 [-Wformat-overflow]
build-ipa	Build Swiss Ephemeris static library	2025-10-22T03:32:17.3445750Z  1376 |         sprintf(smag, "   %8.13f AU", dmag);
build-ipa	Build Swiss Ephemeris static library	2025-10-22T03:32:17.3446330Z       |         ^
build-ipa	Build Swiss Ephemeris static library	2025-10-22T03:32:17.3448080Z /Applications/Xcode_26.0.1.app/Contents/Developer/Platforms/iPhoneOS.platform/Developer/SDKs/iPhoneOS26.0.sdk/usr/include/secure/_stdio.h:107:27: note: expanded from macro 'sprintf'
build-ipa	Build Swiss Ephemeris static library	2025-10-22T03:32:17.3449960Z   107 | #define sprintf(str, ...) __sprintf_chk_func (str, 0, __VA_ARGS__)
build-ipa	Build Swiss Ephemeris static library	2025-10-22T03:32:17.3450810Z       |                           ^
build-ipa	Build Swiss Ephemeris static library	2025-10-22T03:32:17.3452610Z /Applications/Xcode_26.0.1.app/Contents/Developer/Platforms/iPhoneOS.platform/Developer/SDKs/iPhoneOS26.0.sdk/usr/include/secure/_stdio.h:87:2: note: expanded from macro '__sprintf_chk_func'
build-ipa	Build Swiss Ephemeris static library	2025-10-22T03:32:17.3458680Z    87 |         __builtin___sprintf_chk (str, flag, __darwin_obsz(str), __VA_ARGS__)
build-ipa	Build Swiss Ephemeris static library	2025-10-22T03:32:17.3460210Z       |         ^
build-ipa	Build Swiss Ephemeris static library	2025-10-22T03:32:17.3462620Z swevents.c:1378:2: warning: 'sprintf' will always overflow; destination buffer has size 10, but format string expands to at least 15 [-Wformat-overflow]
build-ipa	Build Swiss Ephemeris static library	2025-10-22T03:32:17.3464240Z  1378 |         sprintf(smag, "   %8.5f AU", dmag);
build-ipa	Build Swiss Ephemeris static library	2025-10-22T03:32:17.3464850Z       |         ^
build-ipa	Build Swiss Ephemeris static library	2025-10-22T03:32:17.3466420Z /Applications/Xcode_26.0.1.app/Contents/Developer/Platforms/iPhoneOS.platform/Developer/SDKs/iPhoneOS26.0.sdk/usr/include/secure/_stdio.h:107:27: note: expanded from macro 'sprintf'
build-ipa	Build Swiss Ephemeris static library	2025-10-22T03:32:17.3468910Z   107 | #define sprintf(str, ...) __sprintf_chk_func (str, 0, __VA_ARGS__)
build-ipa	Build Swiss Ephemeris static library	2025-10-22T03:32:17.3469770Z       |                           ^
build-ipa	Build Swiss Ephemeris static library	2025-10-22T03:32:17.3472500Z /Applications/Xcode_26.0.1.app/Contents/Developer/Platforms/iPhoneOS.platform/Developer/SDKs/iPhoneOS26.0.sdk/usr/include/secure/_stdio.h:87:2: note: expanded from macro '__sprintf_chk_func'
build-ipa	Build Swiss Ephemeris static library	2025-10-22T03:32:17.3475240Z    87 |         __builtin___sprintf_chk (str, flag, __darwin_obsz(str), __VA_ARGS__)
build-ipa	Build Swiss Ephemeris static library	2025-10-22T03:32:17.3477240Z       |         ^
build-ipa	Build Swiss Ephemeris static library	2025-10-22T03:32:17.3478250Z swevents.c:2019:10: warning: format string is not a string literal (potentially insecure) [-Wformat-security]
build-ipa	Build Swiss Ephemeris static library	2025-10-22T03:32:17.3479510Z  2019 |   printf(s);
build-ipa	Build Swiss Ephemeris static library	2025-10-22T03:32:17.3480260Z       |          ^
build-ipa	Build Swiss Ephemeris static library	2025-10-22T03:32:17.3481120Z swevents.c:2019:10: note: treat the string as an argument to avoid this
build-ipa	Build Swiss Ephemeris static library	2025-10-22T03:32:17.3484330Z  2019 |   printf(s);
build-ipa	Build Swiss Ephemeris static library	2025-10-22T03:32:17.3484810Z       |          ^
build-ipa	Build Swiss Ephemeris static library	2025-10-22T03:32:17.3485090Z       |          "%s", 
build-ipa	Build Swiss Ephemeris static library	2025-10-22T03:32:17.3485510Z swevents.c:2151:21: warning: format string is not a string literal (potentially insecure) [-Wformat-security]
build-ipa	Build Swiss Ephemeris static library	2025-10-22T03:32:17.3486020Z  2151 |     fprintf(stderr, s);
build-ipa	Build Swiss Ephemeris static library	2025-10-22T03:32:17.3486230Z       |                     ^
build-ipa	Build Swiss Ephemeris static library	2025-10-22T03:32:17.3486480Z swevents.c:2151:21: note: treat the string as an argument to avoid this
build-ipa	Build Swiss Ephemeris static library	2025-10-22T03:32:17.3486900Z  2151 |     fprintf(stderr, s);
build-ipa	Build Swiss Ephemeris static library	2025-10-22T03:32:17.3487120Z       |                     ^
build-ipa	Build Swiss Ephemeris static library	2025-10-22T03:32:17.3487430Z       |                     "%s", 
build-ipa	Build Swiss Ephemeris static library	2025-10-22T03:32:17.3497430Z swevents.c:2623:21: warning: format string is not a string literal (potentially insecure) [-Wformat-security]
build-ipa	Build Swiss Ephemeris static library	2025-10-22T03:32:17.3498590Z  2623 |     fprintf(stderr, serr);
build-ipa	Build Swiss Ephemeris static library	2025-10-22T03:32:17.3499350Z       |                     ^~~~
build-ipa	Build Swiss Ephemeris static library	2025-10-22T03:32:17.3500250Z swevents.c:2623:21: note: treat the string as an argument to avoid this
build-ipa	Build Swiss Ephemeris static library	2025-10-22T03:32:17.3502720Z  2623 |     fprintf(stderr, serr);
build-ipa	Build Swiss Ephemeris static library	2025-10-22T03:32:17.3503130Z       |                     ^
build-ipa	Build Swiss Ephemeris static library	2025-10-22T03:32:17.3503410Z       |                     "%s", 
build-ipa	Build Swiss Ephemeris static library	2025-10-22T03:32:17.4537100Z 6 warnings generated.
build-ipa	Build Swiss Ephemeris static library	2025-10-22T03:32:17.5916440Z Compiling swemini.c
build-ipa	Build Swiss Ephemeris static library	2025-10-22T03:32:17.6300480Z Compiling swemmoon.c
build-ipa	Build Swiss Ephemeris static library	2025-10-22T03:32:17.7285000Z Compiling swemplan.c
build-ipa	Build Swiss Ephemeris static library	2025-10-22T03:32:17.8541580Z Compiling swehel.c
build-ipa	Build Swiss Ephemeris static library	2025-10-22T03:32:18.1041020Z Compiling swehouse.c
build-ipa	Build Swiss Ephemeris static library	2025-10-22T03:32:18.3539380Z Creating libswe.a
build-ipa	Validate Swiss positions (host build)	﻿2025-10-22T03:32:19.3492760Z ##[group]Run set -euo pipefail
build-ipa	Validate Swiss positions (host build)	2025-10-22T03:32:19.3493040Z [36;1mset -euo pipefail[0m
build-ipa	Validate Swiss positions (host build)	2025-10-22T03:32:19.3493350Z [36;1m# Build a host tool against vendored sources to print/check Swiss positions[0m
build-ipa	Validate Swiss positions (host build)	2025-10-22T03:32:19.3494170Z [36;1mcc -O2 -IThirdParty/SwissEph/src scripts/ci_validate_swiss.c ThirdParty/SwissEph/src/*.c -lm -o "$RUNNER_TEMP/validate_swiss"[0m
build-ipa	Validate Swiss positions (host build)	2025-10-22T03:32:19.3494650Z [36;1mecho "Running Swiss validator (Lahiri, 1993-05-18 17:00 UT)..."[0m
build-ipa	Validate Swiss positions (host build)	2025-10-22T03:32:19.3494970Z [36;1m"$RUNNER_TEMP/validate_swiss" || true[0m
build-ipa	Validate Swiss positions (host build)	2025-10-22T03:32:19.3495160Z [36;1m[0m
build-ipa	Validate Swiss positions (host build)	2025-10-22T03:32:19.3495370Z [36;1m  # Swiss Ephemeris is vendored and compiled into target via wrapper[0m
build-ipa	Validate Swiss positions (host build)	2025-10-22T03:32:19.3546520Z shell: /bin/bash -e {0}
build-ipa	Validate Swiss positions (host build)	2025-10-22T03:32:19.3546800Z env:
build-ipa	Validate Swiss positions (host build)	2025-10-22T03:32:19.3547830Z   IOS_TEAM_ID: ***
build-ipa	Validate Swiss positions (host build)	2025-10-22T03:32:19.3565100Z   P12_BASE64: ***
build-ipa	Validate Swiss positions (host build)	2025-10-22T03:32:19.3565320Z   P12_PASSWORD: ***
build-ipa	Validate Swiss positions (host build)	2025-10-22T03:32:19.4309510Z   PROVISIONING_PROFILE_BASE64: ***
build-ipa	Validate Swiss positions (host build)	2025-10-22T03:32:19.4310170Z   MD_APPLE_SDK_ROOT: /Applications/Xcode_26.0.1.app
build-ipa	Validate Swiss positions (host build)	2025-10-22T03:32:19.4310430Z ##[endgroup]
build-ipa	Validate Swiss positions (host build)	2025-10-22T03:32:19.9738320Z ThirdParty/SwissEph/src/sweasp.c:650:7: warning: 'gets' is deprecated: This function is provided for compatibility reasons only.  Due to security concerns inherent in the design of gets(3), it is highly recommended that you use fgets(3) instead. [-Wdeprecated-declarations]
build-ipa	Validate Swiss positions (host build)	2025-10-22T03:32:19.9739290Z   650 |       gets(sdate);
build-ipa	Validate Swiss positions (host build)	2025-10-22T03:32:19.9739460Z       |       ^
build-ipa	Validate Swiss positions (host build)	2025-10-22T03:32:19.9740050Z /Applications/Xcode_26.0.1.app/Contents/Developer/Platforms/MacOSX.platform/Developer/SDKs/MacOSX.sdk/usr/include/_stdio.h:260:1: note: 'gets' has been explicitly marked deprecated here
build-ipa	Validate Swiss positions (host build)	2025-10-22T03:32:19.9741060Z   260 | __deprecated_msg("This function is provided for compatibility reasons only.  Due to security concerns inherent in the design of gets(3), it is highly recommended that you use fgets(3) instead.")
build-ipa	Validate Swiss positions (host build)	2025-10-22T03:32:19.9741720Z       | ^
build-ipa	Validate Swiss positions (host build)	2025-10-22T03:32:19.9742280Z /Applications/Xcode_26.0.1.app/Contents/Developer/Platforms/MacOSX.platform/Developer/SDKs/MacOSX.sdk/usr/include/sys/cdefs.h:227:48: note: expanded from macro '__deprecated_msg'
build-ipa	Validate Swiss positions (host build)	2025-10-22T03:32:19.9742990Z   227 |         #define __deprecated_msg(_msg) __attribute__((__deprecated__(_msg)))
build-ipa	Validate Swiss positions (host build)	2025-10-22T03:32:19.9743340Z       |                                                       ^
build-ipa	Validate Swiss positions (host build)	2025-10-22T03:32:19.9768220Z ThirdParty/SwissEph/src/sweasp.c:1498:20: warning: format string is not a string literal (potentially insecure) [-Wformat-security]
build-ipa	Validate Swiss positions (host build)	2025-10-22T03:32:19.9768750Z  1498 |             printf(styp);
build-ipa	Validate Swiss positions (host build)	2025-10-22T03:32:19.9768930Z       |                    ^~~~
build-ipa	Validate Swiss positions (host build)	2025-10-22T03:32:19.9770230Z ThirdParty/SwissEph/src/sweasp.c:1498:20: note: treat the string as an argument to avoid this
build-ipa	Validate Swiss positions (host build)	2025-10-22T03:32:19.9770580Z  1498 |             printf(styp);
build-ipa	Validate Swiss positions (host build)	2025-10-22T03:32:19.9770880Z       |                    ^
build-ipa	Validate Swiss positions (host build)	2025-10-22T03:32:19.9771120Z       |                    "%s", 
build-ipa	Validate Swiss positions (host build)	2025-10-22T03:32:19.9796300Z ThirdParty/SwissEph/src/sweasp.c:1663:10: warning: format string is not a string literal (potentially insecure) [-Wformat-security]
build-ipa	Validate Swiss positions (host build)	2025-10-22T03:32:19.9796780Z  1663 |   printf(info);
build-ipa	Validate Swiss positions (host build)	2025-10-22T03:32:19.9796930Z       |          ^~~~
build-ipa	Validate Swiss positions (host build)	2025-10-22T03:32:19.9797210Z ThirdParty/SwissEph/src/sweasp.c:1663:10: note: treat the string as an argument to avoid this
build-ipa	Validate Swiss positions (host build)	2025-10-22T03:32:19.9797570Z  1663 |   printf(info);
build-ipa	Validate Swiss positions (host build)	2025-10-22T03:32:19.9797710Z       |          ^
build-ipa	Validate Swiss positions (host build)	2025-10-22T03:32:19.9797860Z       |          "%s", 
build-ipa	Validate Swiss positions (host build)	2025-10-22T03:32:20.2133890Z 3 warnings generated.
build-ipa	Validate Swiss positions (host build)	2025-10-22T03:32:20.7034570Z ThirdParty/SwissEph/src/sweclips.c:339:5: warning: 'gets' is deprecated: This function is provided for compatibility reasons only.  Due to security concerns inherent in the design of gets(3), it is highly recommended that you use fgets(3) instead. [-Wdeprecated-declarations]
build-ipa	Validate Swiss positions (host build)	2025-10-22T03:32:20.7036120Z   339 |     gets(sdate);
build-ipa	Validate Swiss positions (host build)	2025-10-22T03:32:20.7038710Z       |     ^
build-ipa	Validate Swiss positions (host build)	2025-10-22T03:32:20.7039400Z /Applications/Xcode_26.0.1.app/Contents/Developer/Platforms/MacOSX.platform/Developer/SDKs/MacOSX.sdk/usr/include/_stdio.h:260:1: note: 'gets' has been explicitly marked deprecated here
build-ipa	Validate Swiss positions (host build)	2025-10-22T03:32:20.7041520Z   260 | __deprecated_msg("This function is provided for compatibility reasons only.  Due to security concerns inherent in the design of gets(3), it is highly recommended that you use fgets(3) instead.")
build-ipa	Validate Swiss positions (host build)	2025-10-22T03:32:20.7042790Z       | ^
build-ipa	Validate Swiss positions (host build)	2025-10-22T03:32:20.7043430Z /Applications/Xcode_26.0.1.app/Contents/Developer/Platforms/MacOSX.platform/Developer/SDKs/MacOSX.sdk/usr/include/sys/cdefs.h:227:48: note: expanded from macro '__deprecated_msg'
build-ipa	Validate Swiss positions (host build)	2025-10-22T03:32:20.7044660Z   227 |         #define __deprecated_msg(_msg) __attribute__((__deprecated__(_msg)))
build-ipa	Validate Swiss positions (host build)	2025-10-22T03:32:20.7045300Z       |                                                       ^
build-ipa	Validate Swiss positions (host build)	2025-10-22T03:32:20.7067970Z ThirdParty/SwissEph/src/sweclips.c:854:10: warning: format string is not a string literal (potentially insecure) [-Wformat-security]
build-ipa	Validate Swiss positions (host build)	2025-10-22T03:32:20.7068830Z   854 |   printf(info);
build-ipa	Validate Swiss positions (host build)	2025-10-22T03:32:20.7069270Z       |          ^~~~
build-ipa	Validate Swiss positions (host build)	2025-10-22T03:32:20.7069780Z ThirdParty/SwissEph/src/sweclips.c:854:10: note: treat the string as an argument to avoid this
build-ipa	Validate Swiss positions (host build)	2025-10-22T03:32:20.7114280Z   854 |   printf(info);
build-ipa	Validate Swiss positions (host build)	2025-10-22T03:32:20.7114710Z       |          ^
build-ipa	Validate Swiss positions (host build)	2025-10-22T03:32:20.7114960Z       |          "%s", 
build-ipa	Validate Swiss positions (host build)	2025-10-22T03:32:20.7639470Z 2 warnings generated.
build-ipa	Validate Swiss positions (host build)	2025-10-22T03:32:20.8742430Z ThirdParty/SwissEph/src/sweephe4.c:673:9: warning: a function declaration without a prototype is deprecated in all versions of C and is treated as a zero-parameter prototype in C23, conflicting with a previous declaration [-Wdeprecated-non-prototype]
build-ipa	Validate Swiss positions (host build)	2025-10-22T03:32:20.8743810Z   673 |   char *getenv();
build-ipa	Validate Swiss positions (host build)	2025-10-22T03:32:20.8744130Z       |         ^
build-ipa	Validate Swiss positions (host build)	2025-10-22T03:32:20.8744780Z /Applications/Xcode_26.0.1.app/Contents/Developer/Platforms/MacOSX.platform/Developer/SDKs/MacOSX.sdk/usr/include/_stdlib.h:167:18: note: conflicting prototype is here
build-ipa	Validate Swiss positions (host build)	2025-10-22T03:32:20.8745600Z   167 | char *_LIBC_CSTR        getenv(const char *);
build-ipa	Validate Swiss positions (host build)	2025-10-22T03:32:20.8746010Z       |                         ^
build-ipa	Validate Swiss positions (host build)	2025-10-22T03:32:20.9546640Z 1 warning generated.
build-ipa	Validate Swiss positions (host build)	2025-10-22T03:32:22.9324050Z ThirdParty/SwissEph/src/swephgen4.c:85:5: warning: a function definition without a prototype is deprecated in all versions of C and is not supported in C23 [-Wdeprecated-non-prototype]
build-ipa	Validate Swiss positions (host build)	2025-10-22T03:32:22.9325790Z    85 | int split(w, m, min, sec)
build-ipa	Validate Swiss positions (host build)	2025-10-22T03:32:22.9326500Z       |     ^
build-ipa	Validate Swiss positions (host build)	2025-10-22T03:32:22.9338210Z ThirdParty/SwissEph/src/swephgen4.c:168:7: warning: a function definition without a prototype is deprecated in all versions of C and is not supported in C23 [-Wdeprecated-non-prototype]
build-ipa	Validate Swiss positions (host build)	2025-10-22T03:32:22.9339170Z   168 | char *degstr (t)
build-ipa	Validate Swiss positions (host build)	2025-10-22T03:32:22.9339560Z       |       ^
build-ipa	Validate Swiss positions (host build)	2025-10-22T03:32:22.9931970Z 2 warnings generated.
build-ipa	Validate Swiss positions (host build)	2025-10-22T03:32:23.4091460Z ThirdParty/SwissEph/src/swetest.c:1497:9: warning: format string is not a string literal (potentially insecure) [-Wformat-security]
build-ipa	Validate Swiss positions (host build)	2025-10-22T03:32:23.4093590Z  1497 |         printf(stimeout);
build-ipa	Validate Swiss positions (host build)	2025-10-22T03:32:23.4097380Z       |                ^~~~~~~~
build-ipa	Validate Swiss positions (host build)	2025-10-22T03:32:23.4100990Z ThirdParty/SwissEph/src/swetest.c:1497:9: note: treat the string as an argument to avoid this
build-ipa	Validate Swiss positions (host build)	2025-10-22T03:32:23.4104060Z  1497 |         printf(stimeout);
build-ipa	Validate Swiss positions (host build)	2025-10-22T03:32:23.4104530Z       |                ^
build-ipa	Validate Swiss positions (host build)	2025-10-22T03:32:23.4105280Z       |                "%s", 
build-ipa	Validate Swiss positions (host build)	2025-10-22T03:32:23.4141940Z ThirdParty/SwissEph/src/swetest.c:2003:12: warning: format string is not a string literal (potentially insecure) [-Wformat-security]
build-ipa	Validate Swiss positions (host build)	2025-10-22T03:32:23.4143230Z  2003 |     printf(smod);
build-ipa	Validate Swiss positions (host build)	2025-10-22T03:32:23.4143580Z       |            ^~~~
build-ipa	Validate Swiss positions (host build)	2025-10-22T03:32:23.4144240Z ThirdParty/SwissEph/src/swetest.c:2003:12: note: treat the string as an argument to avoid this
build-ipa	Validate Swiss positions (host build)	2025-10-22T03:32:23.4144840Z  2003 |     printf(smod);
build-ipa	Validate Swiss positions (host build)	2025-10-22T03:32:23.4145210Z       |            ^
build-ipa	Validate Swiss positions (host build)	2025-10-22T03:32:23.4145590Z       |            "%s", 
build-ipa	Validate Swiss positions (host build)	2025-10-22T03:32:23.4184130Z ThirdParty/SwissEph/src/swetest.c:2194:32: warning: format string is not a string literal (potentially insecure) [-Wformat-security]
build-ipa	Validate Swiss positions (host build)	2025-10-22T03:32:23.4187520Z  2194 |         if (is_label) { printf(slon); break; }
build-ipa	Validate Swiss positions (host build)	2025-10-22T03:32:23.4197550Z       |                                ^~~~
build-ipa	Validate Swiss positions (host build)	2025-10-22T03:32:23.4198260Z ThirdParty/SwissEph/src/swetest.c:2194:32: note: treat the string as an argument to avoid this
build-ipa	Validate Swiss positions (host build)	2025-10-22T03:32:23.4199240Z  2194 |         if (is_label) { printf(slon); break; }
build-ipa	Validate Swiss positions (host build)	2025-10-22T03:32:23.4199690Z       |                                ^
build-ipa	Validate Swiss positions (host build)	2025-10-22T03:32:23.4200430Z       |                                "%s", 
build-ipa	Validate Swiss positions (host build)	2025-10-22T03:32:23.4201090Z ThirdParty/SwissEph/src/swetest.c:2203:32: warning: format string is not a string literal (potentially insecure) [-Wformat-security]
build-ipa	Validate Swiss positions (host build)	2025-10-22T03:32:23.4202150Z  2203 |         if (is_label) { printf(slon); break; }
build-ipa	Validate Swiss positions (host build)	2025-10-22T03:32:23.4202630Z       |                                ^~~~
build-ipa	Validate Swiss positions (host build)	2025-10-22T03:32:23.4203440Z ThirdParty/SwissEph/src/swetest.c:2203:32: note: treat the string as an argument to avoid this
build-ipa	Validate Swiss positions (host build)	2025-10-22T03:32:23.4203970Z  2203 |         if (is_label) { printf(slon); break; }
build-ipa	Validate Swiss positions (host build)	2025-10-22T03:32:23.4204830Z       |                                ^
build-ipa	Validate Swiss positions (host build)	2025-10-22T03:32:23.4205280Z       |                                "%s", 
build-ipa	Validate Swiss positions (host build)	2025-10-22T03:32:23.4205970Z ThirdParty/SwissEph/src/swetest.c:2222:32: warning: format string is not a string literal (potentially insecure) [-Wformat-security]
build-ipa	Validate Swiss positions (host build)	2025-10-22T03:32:23.4206960Z  2222 |         if (is_label) { printf(slon); break; }
build-ipa	Validate Swiss positions (host build)	2025-10-22T03:32:23.4207330Z       |                                ^~~~
build-ipa	Validate Swiss positions (host build)	2025-10-22T03:32:23.4210240Z ThirdParty/SwissEph/src/swetest.c:2222:32: note: treat the string as an argument to avoid this
build-ipa	Validate Swiss positions (host build)	2025-10-22T03:32:23.4211630Z  2222 |         if (is_label) { printf(slon); break; }
build-ipa	Validate Swiss positions (host build)	2025-10-22T03:32:23.4212240Z       |                                ^
build-ipa	Validate Swiss positions (host build)	2025-10-22T03:32:23.4212820Z       |                                "%s", 
build-ipa	Validate Swiss positions (host build)	2025-10-22T03:32:23.9906520Z 5 warnings generated.
build-ipa	Validate Swiss positions (host build)	2025-10-22T03:32:24.0251810Z ThirdParty/SwissEph/src/swevents.c:420:14: warning: format string is not a string literal (potentially insecure) [-Wformat-security]
build-ipa	Validate Swiss positions (host build)	2025-10-22T03:32:24.0376310Z   420 |       printf(info);
build-ipa	Validate Swiss positions (host build)	2025-10-22T03:32:24.0478130Z       |              ^~~~
build-ipa	Validate Swiss positions (host build)	2025-10-22T03:32:24.0579800Z ThirdParty/SwissEph/src/swevents.c:420:14: note: treat the string as an argument to avoid this
build-ipa	Validate Swiss positions (host build)	2025-10-22T03:32:24.0683040Z   420 |       printf(info);
build-ipa	Validate Swiss positions (host build)	2025-10-22T03:32:24.0773270Z       |              ^
build-ipa	Validate Swiss positions (host build)	2025-10-22T03:32:24.0774020Z       |              "%s", 
build-ipa	Validate Swiss positions (host build)	2025-10-22T03:32:24.0774800Z ThirdParty/SwissEph/src/swevents.c:1376:2: warning: 'sprintf' will always overflow; destination buffer has size 10, but format string expands to at least 22 [-Wformat-overflow]
build-ipa	Validate Swiss positions (host build)	2025-10-22T03:32:24.0775670Z  1376 |         sprintf(smag, "   %8.13f AU", dmag);
build-ipa	Validate Swiss positions (host build)	2025-10-22T03:32:24.0775980Z       |         ^
build-ipa	Validate Swiss positions (host build)	2025-10-22T03:32:24.0776810Z /Applications/Xcode_26.0.1.app/Contents/Developer/Platforms/MacOSX.platform/Developer/SDKs/MacOSX.sdk/usr/include/secure/_stdio.h:107:27: note: expanded from macro 'sprintf'
build-ipa	Validate Swiss positions (host build)	2025-10-22T03:32:24.0777790Z   107 | #define sprintf(str, ...) __sprintf_chk_func (str, 0, __VA_ARGS__)
build-ipa	Validate Swiss positions (host build)	2025-10-22T03:32:24.0778410Z       |                           ^
build-ipa	Validate Swiss positions (host build)	2025-10-22T03:32:24.0779240Z /Applications/Xcode_26.0.1.app/Contents/Developer/Platforms/MacOSX.platform/Developer/SDKs/MacOSX.sdk/usr/include/secure/_stdio.h:87:2: note: expanded from macro '__sprintf_chk_func'
build-ipa	Validate Swiss positions (host build)	2025-10-22T03:32:24.0780900Z    87 |         __builtin___sprintf_chk (str, flag, __darwin_obsz(str), __VA_ARGS__)
build-ipa	Validate Swiss positions (host build)	2025-10-22T03:32:24.0781380Z       |         ^
build-ipa	Validate Swiss positions (host build)	2025-10-22T03:32:24.0787500Z ThirdParty/SwissEph/src/swevents.c:1378:2: warning: 'sprintf' will always overflow; destination buffer has size 10, but format string expands to at least 15 [-Wformat-overflow]
build-ipa	Validate Swiss positions (host build)	2025-10-22T03:32:24.0788530Z  1378 |         sprintf(smag, "   %8.5f AU", dmag);
build-ipa	Validate Swiss positions (host build)	2025-10-22T03:32:24.0788960Z       |         ^
build-ipa	Validate Swiss positions (host build)	2025-10-22T03:32:24.0789740Z /Applications/Xcode_26.0.1.app/Contents/Developer/Platforms/MacOSX.platform/Developer/SDKs/MacOSX.sdk/usr/include/secure/_stdio.h:107:27: note: expanded from macro 'sprintf'
build-ipa	Validate Swiss positions (host build)	2025-10-22T03:32:24.0791870Z   107 | #define sprintf(str, ...) __sprintf_chk_func (str, 0, __VA_ARGS__)
build-ipa	Validate Swiss positions (host build)	2025-10-22T03:32:24.0796450Z       |                           ^
build-ipa	Validate Swiss positions (host build)	2025-10-22T03:32:24.0797310Z /Applications/Xcode_26.0.1.app/Contents/Developer/Platforms/MacOSX.platform/Developer/SDKs/MacOSX.sdk/usr/include/secure/_stdio.h:87:2: note: expanded from macro '__sprintf_chk_func'
build-ipa	Validate Swiss positions (host build)	2025-10-22T03:32:24.0798370Z    87 |         __builtin___sprintf_chk (str, flag, __darwin_obsz(str), __VA_ARGS__)
build-ipa	Validate Swiss positions (host build)	2025-10-22T03:32:24.0798880Z       |         ^
build-ipa	Validate Swiss positions (host build)	2025-10-22T03:32:24.0799460Z ThirdParty/SwissEph/src/swevents.c:2019:10: warning: format string is not a string literal (potentially insecure) [-Wformat-security]
build-ipa	Validate Swiss positions (host build)	2025-10-22T03:32:24.0800170Z  2019 |   printf(s);
build-ipa	Validate Swiss positions (host build)	2025-10-22T03:32:24.0800530Z       |          ^
build-ipa	Validate Swiss positions (host build)	2025-10-22T03:32:24.0801090Z ThirdParty/SwissEph/src/swevents.c:2019:10: note: treat the string as an argument to avoid this
build-ipa	Validate Swiss positions (host build)	2025-10-22T03:32:24.0801620Z  2019 |   printf(s);
build-ipa	Validate Swiss positions (host build)	2025-10-22T03:32:24.0802010Z       |          ^
build-ipa	Validate Swiss positions (host build)	2025-10-22T03:32:24.0802430Z       |          "%s", 
build-ipa	Validate Swiss positions (host build)	2025-10-22T03:32:24.0803050Z ThirdParty/SwissEph/src/swevents.c:2151:21: warning: format string is not a string literal (potentially insecure) [-Wformat-security]
build-ipa	Validate Swiss positions (host build)	2025-10-22T03:32:24.0803770Z  2151 |     fprintf(stderr, s);
build-ipa	Validate Swiss positions (host build)	2025-10-22T03:32:24.0804180Z       |                     ^
build-ipa	Validate Swiss positions (host build)	2025-10-22T03:32:24.0804720Z ThirdParty/SwissEph/src/swevents.c:2151:21: note: treat the string as an argument to avoid this
build-ipa	Validate Swiss positions (host build)	2025-10-22T03:32:24.0805270Z  2151 |     fprintf(stderr, s);
build-ipa	Validate Swiss positions (host build)	2025-10-22T03:32:24.0829810Z       |                     ^
build-ipa	Validate Swiss positions (host build)	2025-10-22T03:32:24.0830400Z       |                     "%s", 
build-ipa	Validate Swiss positions (host build)	2025-10-22T03:32:24.0844230Z ThirdParty/SwissEph/src/swevents.c:2623:21: warning: format string is not a string literal (potentially insecure) [-Wformat-security]
build-ipa	Validate Swiss positions (host build)	2025-10-22T03:32:24.0845130Z  2623 |     fprintf(stderr, serr);
build-ipa	Validate Swiss positions (host build)	2025-10-22T03:32:24.0845540Z       |                     ^~~~
build-ipa	Validate Swiss positions (host build)	2025-10-22T03:32:24.0846220Z ThirdParty/SwissEph/src/swevents.c:2623:21: note: treat the string as an argument to avoid this
build-ipa	Validate Swiss positions (host build)	2025-10-22T03:32:24.0846800Z  2623 |     fprintf(stderr, serr);
build-ipa	Validate Swiss positions (host build)	2025-10-22T03:32:24.0847280Z       |                     ^
build-ipa	Validate Swiss positions (host build)	2025-10-22T03:32:24.0847690Z       |                     "%s", 
build-ipa	Validate Swiss positions (host build)	2025-10-22T03:32:24.3545240Z 6 warnings generated.
build-ipa	Validate Swiss positions (host build)	2025-10-22T03:32:24.5484870Z duplicate symbol '_main' in:
build-ipa	Validate Swiss positions (host build)	2025-10-22T03:32:24.5486160Z     /private/var/folders/q0/wmf37v850txck86cpnvwm_zw0000gn/T/ci_validate_swiss-b658b7.o
build-ipa	Validate Swiss positions (host build)	2025-10-22T03:32:24.5486990Z     /private/var/folders/q0/wmf37v850txck86cpnvwm_zw0000gn/T/sweasp-60aed7.o
build-ipa	Validate Swiss positions (host build)	2025-10-22T03:32:24.5487450Z     /private/var/folders/q0/wmf37v850txck86cpnvwm_zw0000gn/T/sweclips-58c42c.o
build-ipa	Validate Swiss positions (host build)	2025-10-22T03:32:24.5488520Z     /private/var/folders/q0/wmf37v850txck86cpnvwm_zw0000gn/T/swemini-51cd2a.o
build-ipa	Validate Swiss positions (host build)	2025-10-22T03:32:24.5489130Z     /private/var/folders/q0/wmf37v850txck86cpnvwm_zw0000gn/T/swephgen4-46b1b6.o
build-ipa	Validate Swiss positions (host build)	2025-10-22T03:32:24.5489660Z     /private/var/folders/q0/wmf37v850txck86cpnvwm_zw0000gn/T/swevents-eab175.o
build-ipa	Validate Swiss positions (host build)	2025-10-22T03:32:24.5490230Z     /private/var/folders/q0/wmf37v850txck86cpnvwm_zw0000gn/T/swetest-69c4c4.o
build-ipa	Validate Swiss positions (host build)	2025-10-22T03:32:24.5490650Z ld: 1 duplicate symbols
build-ipa	Validate Swiss positions (host build)	2025-10-22T03:32:24.5526970Z clang: error: linker command failed with exit code 1 (use -v to see invocation)
build-ipa	Validate Swiss positions (host build)	2025-10-22T03:32:24.5586840Z ##[error]Process completed with exit code 1.
build-ipa	Import signing certificate	﻿2025-10-22T03:32:24.5729070Z ##[group]Run apple-actions/import-codesign-certs@v2
build-ipa	Import signing certificate	2025-10-22T03:32:24.5729360Z with:
build-ipa	Import signing certificate	2025-10-22T03:32:24.5748360Z   p12-file-base64: ***
build-ipa	Import signing certificate	2025-10-22T03:32:24.5748680Z   p12-password: ***
build-ipa	Import signing certificate	2025-10-22T03:32:24.5748890Z   keychain: signing_temp
build-ipa	Import signing certificate	2025-10-22T03:32:24.5749130Z   create-keychain: true
build-ipa	Import signing certificate	2025-10-22T03:32:24.5749280Z env:
build-ipa	Import signing certificate	2025-10-22T03:32:24.5749480Z   IOS_TEAM_ID: ***
build-ipa	Import signing certificate	2025-10-22T03:32:24.5768500Z   P12_BASE64: ***
build-ipa	Import signing certificate	2025-10-22T03:32:24.5768710Z   P12_PASSWORD: ***
build-ipa	Import signing certificate	2025-10-22T03:32:24.6689230Z   PROVISIONING_PROFILE_BASE64: ***
build-ipa	Import signing certificate	2025-10-22T03:32:24.6690050Z   MD_APPLE_SDK_ROOT: /Applications/Xcode_26.0.1.app
build-ipa	Import signing certificate	2025-10-22T03:32:24.6690290Z ##[endgroup]
build-ipa	Import signing certificate	2025-10-22T03:32:24.8380170Z [command]/usr/bin/security create-keychain -p *** signing_temp.keychain
build-ipa	Import signing certificate	2025-10-22T03:32:24.9152600Z [command]/usr/bin/security set-keychain-settings -lut 21600 signing_temp.keychain
build-ipa	Import signing certificate	2025-10-22T03:32:24.9564510Z [command]/usr/bin/security unlock-keychain -p *** signing_temp.keychain
build-ipa	Import signing certificate	2025-10-22T03:32:24.9767370Z [command]/usr/bin/security import /var/folders/q0/wmf37v850txck86cpnvwm_zw0000gn/T/tmp-3463bgem5yh231nk -k signing_temp.keychain -f pkcs12 -A -T /usr/bin/codesign -T /usr/bin/security -P ***
build-ipa	Import signing certificate	2025-10-22T03:32:25.1385960Z [command]/usr/bin/security set-key-partition-list -S apple-tool:,apple: -k *** signing_temp.keychain
build-ipa	Import signing certificate	2025-10-22T03:32:25.1805430Z keychain: "/Users/runner/Library/Keychains/signing_temp.keychain-db"
build-ipa	Import signing certificate	2025-10-22T03:32:25.1836480Z version: 512
build-ipa	Import signing certificate	2025-10-22T03:32:25.1871890Z class: 0x00000010 
build-ipa	Import signing certificate	2025-10-22T03:32:25.1872540Z attributes:
build-ipa	Import signing certificate	2025-10-22T03:32:25.1873060Z     0x00000000 <uint32>=0x00000010 
build-ipa	Import signing certificate	2025-10-22T03:32:25.1873390Z     0x00000001 <blob>="Imported Private Key"
build-ipa	Import signing certificate	2025-10-22T03:32:25.1874040Z     0x00000002 <blob>=<NULL>
build-ipa	Import signing certificate	2025-10-22T03:32:25.1874330Z     0x00000003 <uint32>=0x00000001 
build-ipa	Import signing certificate	2025-10-22T03:32:25.1874650Z     0x00000004 <uint32>=0x00000000 
build-ipa	Import signing certificate	2025-10-22T03:32:25.1875070Z     0x00000005 <uint32>=0x00000000 
build-ipa	Import signing certificate	2025-10-22T03:32:25.1875590Z     0x00000006 <blob>=0xD2FCA3D9BA78D5AFF697DE81D93B7B803606EBEA  "\322\374\243\331\272x\325\257\366\227\336\201\331;{\2006\006\353\352"
build-ipa	Import signing certificate	2025-10-22T03:32:25.1876150Z     0x00000007 <blob>=<NULL>
build-ipa	Import signing certificate	2025-10-22T03:32:25.1876780Z     0x00000008 <blob>=0x7B38373139316361322D306663392D313164342D383439612D3030303530326235323132327D00  "{87191ca2-0fc9-11d4-849a-000502b52122}\000"
build-ipa	Import signing certificate	2025-10-22T03:32:25.1877560Z     0x00000009 <uint32>=0x0000002A  "\000\000\000*"
build-ipa	Import signing certificate	2025-10-22T03:32:25.1878000Z     0x0000000A <uint32>=0x00000800 
build-ipa	Import signing certificate	2025-10-22T03:32:25.1878760Z     0x0000000B <uint32>=0x00000800 
build-ipa	Import signing certificate	2025-10-22T03:32:25.1879450Z     0x0000000C <blob>=0x0000000000000000 
build-ipa	Import signing certificate	2025-10-22T03:32:25.1879910Z     0x0000000D <blob>=0x0000000000000000 
build-ipa	Import signing certificate	2025-10-22T03:32:25.1880320Z     0x0000000E <uint32>=0x00000001 
build-ipa	Import signing certificate	2025-10-22T03:32:25.1880730Z     0x0000000F <uint32>=0x00000001 
build-ipa	Import signing certificate	2025-10-22T03:32:25.1881140Z     0x00000010 <uint32>=0x00000001 
build-ipa	Import signing certificate	2025-10-22T03:32:25.1881580Z     0x00000011 <uint32>=0x00000000 
build-ipa	Import signing certificate	2025-10-22T03:32:25.1882500Z     0x00000012 <uint32>=0x00000001 
build-ipa	Import signing certificate	2025-10-22T03:32:25.1883040Z     0x00000013 <uint32>=0x00000001 
build-ipa	Import signing certificate	2025-10-22T03:32:25.1883920Z     0x00000014 <uint32>=0x00000001 
build-ipa	Import signing certificate	2025-10-22T03:32:25.1884280Z     0x00000015 <uint32>=0x00000001 
build-ipa	Import signing certificate	2025-10-22T03:32:25.1884650Z     0x00000016 <uint32>=0x00000001 
build-ipa	Import signing certificate	2025-10-22T03:32:25.1885060Z     0x00000017 <uint32>=0x00000001 
build-ipa	Import signing certificate	2025-10-22T03:32:25.1885930Z     0x00000018 <uint32>=0x00000001 
build-ipa	Import signing certificate	2025-10-22T03:32:25.1886350Z     0x00000019 <uint32>=0x00000001 
build-ipa	Import signing certificate	2025-10-22T03:32:25.1886710Z     0x0000001A <uint32>=0x00000001 
build-ipa	Import signing certificate	2025-10-22T03:32:25.1887850Z [command]/usr/bin/security list-keychains -d user -s signing_temp.keychain login.keychain
build-ipa	Install provisioning profile	﻿2025-10-22T03:32:25.4767440Z ##[group]Run set -e
build-ipa	Install provisioning profile	2025-10-22T03:32:25.4767760Z [36;1mset -e[0m
build-ipa	Install provisioning profile	2025-10-22T03:32:25.4768010Z [36;1mmkdir -p ~/Library/MobileDevice/Provisioning\ Profiles[0m
build-ipa	Install provisioning profile	2025-10-22T03:32:25.4768550Z [36;1mPP_PATH=~/Library/MobileDevice/Provisioning\ Profiles/profile.mobileprovision[0m
build-ipa	Install provisioning profile	2025-10-22T03:32:25.4769040Z [36;1mecho "$PROVISIONING_PROFILE_BASE64" | base64 --decode > "$PP_PATH"[0m
build-ipa	Install provisioning profile	2025-10-22T03:32:25.4769440Z [36;1msecurity cms -D -i "$PP_PATH" > $RUNNER_TEMP/profile.plist[0m
build-ipa	Install provisioning profile	2025-10-22T03:32:25.4769860Z [36;1mPP_UUID=$(/usr/libexec/PlistBuddy -c 'Print :UUID' $RUNNER_TEMP/profile.plist)[0m
build-ipa	Install provisioning profile	2025-10-22T03:32:25.4770380Z [36;1mPP_NAME=$(/usr/libexec/PlistBuddy -c 'Print :Name' $RUNNER_TEMP/profile.plist)[0m
build-ipa	Install provisioning profile	2025-10-22T03:32:25.4771010Z [36;1mAPPID=$(/usr/libexec/PlistBuddy -c 'Print :Entitlements:application-identifier' $RUNNER_TEMP/profile.plist)[0m
build-ipa	Install provisioning profile	2025-10-22T03:32:25.4771460Z [36;1mBUNDLE_ID=${APPID#*.}[0m
build-ipa	Install provisioning profile	2025-10-22T03:32:25.4771710Z [36;1mecho "PP_UUID=$PP_UUID" >> $GITHUB_ENV[0m
build-ipa	Install provisioning profile	2025-10-22T03:32:25.4772020Z [36;1mecho "PP_NAME=$PP_NAME" >> $GITHUB_ENV[0m
build-ipa	Install provisioning profile	2025-10-22T03:32:25.4772300Z [36;1mecho "BUNDLE_ID=$BUNDLE_ID" >> $GITHUB_ENV[0m
build-ipa	Install provisioning profile	2025-10-22T03:32:25.4772690Z [36;1mecho "Using provisioning profile: $PP_NAME ($PP_UUID) for $BUNDLE_ID"[0m
build-ipa	Install provisioning profile	2025-10-22T03:32:25.4822920Z shell: /bin/bash -e {0}
build-ipa	Install provisioning profile	2025-10-22T03:32:25.4823150Z env:
build-ipa	Install provisioning profile	2025-10-22T03:32:25.4825430Z   IOS_TEAM_ID: ***
build-ipa	Install provisioning profile	2025-10-22T03:32:25.4850530Z   P12_BASE64: ***
build-ipa	Install provisioning profile	2025-10-22T03:32:25.4851550Z   P12_PASSWORD: ***
build-ipa	Install provisioning profile	2025-10-22T03:32:25.6175190Z   PROVISIONING_PROFILE_BASE64: ***
build-ipa	Install provisioning profile	2025-10-22T03:32:25.6176370Z   MD_APPLE_SDK_ROOT: /Applications/Xcode_26.0.1.app
build-ipa	Install provisioning profile	2025-10-22T03:32:25.6177040Z ##[endgroup]
build-ipa	Install provisioning profile	2025-10-22T03:32:25.8105100Z Using provisioning profile: provisionprofilevediclightnew (57d3bbbf-6439-466a-9147-d61352e54c53) for com.vedic.light
build-ipa	Resolve Swift packages	﻿2025-10-22T03:32:25.8145400Z ##[group]Run xcodebuild -resolvePackageDependencies -project NotesApp.xcodeproj -scheme NotesApp -clonedSourcePackagesDirPath "$RUNNER_TEMP/SPM"
build-ipa	Resolve Swift packages	2025-10-22T03:32:25.8146390Z [36;1mxcodebuild -resolvePackageDependencies -project NotesApp.xcodeproj -scheme NotesApp -clonedSourcePackagesDirPath "$RUNNER_TEMP/SPM"[0m
build-ipa	Resolve Swift packages	2025-10-22T03:32:25.8178180Z shell: /bin/bash -e {0}
build-ipa	Resolve Swift packages	2025-10-22T03:32:25.8178530Z env:
build-ipa	Resolve Swift packages	2025-10-22T03:32:25.8178850Z   IOS_TEAM_ID: ***
build-ipa	Resolve Swift packages	2025-10-22T03:32:25.8198770Z   P12_BASE64: ***
build-ipa	Resolve Swift packages	2025-10-22T03:32:25.8199140Z   P12_PASSWORD: ***
build-ipa	Resolve Swift packages	2025-10-22T03:32:25.9171050Z   PROVISIONING_PROFILE_BASE64: ***
build-ipa	Resolve Swift packages	2025-10-22T03:32:25.9171530Z   MD_APPLE_SDK_ROOT: /Applications/Xcode_26.0.1.app
build-ipa	Resolve Swift packages	2025-10-22T03:32:25.9171840Z   PP_UUID: 57d3bbbf-6439-466a-9147-d61352e54c53
build-ipa	Resolve Swift packages	2025-10-22T03:32:25.9172080Z   PP_NAME: provisionprofilevediclightnew
build-ipa	Resolve Swift packages	2025-10-22T03:32:25.9172320Z   BUNDLE_ID: com.vedic.light
build-ipa	Resolve Swift packages	2025-10-22T03:32:25.9172510Z ##[endgroup]
build-ipa	Resolve Swift packages	2025-10-22T03:32:27.5430640Z Command line invocation:
build-ipa	Resolve Swift packages	2025-10-22T03:32:27.5433080Z     /Applications/Xcode_26.0.1.app/Contents/Developer/usr/bin/xcodebuild -resolvePackageDependencies -project NotesApp.xcodeproj -scheme NotesApp -clonedSourcePackagesDirPath /Users/runner/work/_temp/SPM
build-ipa	Resolve Swift packages	2025-10-22T03:32:27.5442340Z 
build-ipa	Resolve Swift packages	2025-10-22T03:32:32.1745360Z resolved source packages: 
build-ipa	Archive (Release, unsigned)	﻿2025-10-22T03:32:33.6790860Z ##[group]Run xcodebuild archive \
build-ipa	Archive (Release, unsigned)	2025-10-22T03:32:33.6793670Z [36;1mxcodebuild archive \[0m
build-ipa	Archive (Release, unsigned)	2025-10-22T03:32:33.6794000Z [36;1m  -project NotesApp.xcodeproj \[0m
build-ipa	Archive (Release, unsigned)	2025-10-22T03:32:33.6794290Z [36;1m  -scheme NotesApp \[0m
build-ipa	Archive (Release, unsigned)	2025-10-22T03:32:33.6794540Z [36;1m  -configuration Release \[0m
build-ipa	Archive (Release, unsigned)	2025-10-22T03:32:33.6794940Z [36;1m  -destination 'generic/platform=iOS' \[0m
build-ipa	Archive (Release, unsigned)	2025-10-22T03:32:33.6795460Z [36;1m  -archivePath "$RUNNER_TEMP/App.xcarchive" \[0m
build-ipa	Archive (Release, unsigned)	2025-10-22T03:32:33.6797230Z [36;1m  CODE_SIGNING_ALLOWED=NO CODE_SIGNING_REQUIRED=NO \[0m
build-ipa	Archive (Release, unsigned)	2025-10-22T03:32:33.6797560Z [36;1m  CODE_SIGN_STYLE=Manual \[0m
build-ipa	Archive (Release, unsigned)	2025-10-22T03:32:33.6798640Z [36;1m  CODE_SIGN_IDENTITY="" \[0m
build-ipa	Archive (Release, unsigned)	2025-10-22T03:32:33.6798960Z [36;1m  EXPANDED_CODE_SIGN_IDENTITY="" \[0m
build-ipa	Archive (Release, unsigned)	2025-10-22T03:32:33.6799330Z [36;1m  PROVISIONING_PROFILE_SPECIFIER="" \[0m
build-ipa	Archive (Release, unsigned)	2025-10-22T03:32:33.6799630Z [36;1m  PROVISIONING_PROFILE="" \[0m
build-ipa	Archive (Release, unsigned)	2025-10-22T03:32:33.6799900Z [36;1m  DEVELOPMENT_TEAM="" \[0m
build-ipa	Archive (Release, unsigned)	2025-10-22T03:32:33.6800280Z [36;1m  LIBRARY_SEARCH_PATHS=$(pwd)/ThirdParty/SwissEph/lib \[0m
build-ipa	Archive (Release, unsigned)	2025-10-22T03:32:33.6800880Z [36;1m  OTHER_LDFLAGS=$(pwd)/ThirdParty/SwissEph/lib/libswe.a[0m
build-ipa	Archive (Release, unsigned)	2025-10-22T03:32:33.6955720Z shell: /bin/bash -e {0}
build-ipa	Archive (Release, unsigned)	2025-10-22T03:32:33.6956420Z env:
build-ipa	Archive (Release, unsigned)	2025-10-22T03:32:33.6957610Z   IOS_TEAM_ID: ***
build-ipa	Archive (Release, unsigned)	2025-10-22T03:32:33.6983400Z   P12_BASE64: ***
build-ipa	Archive (Release, unsigned)	2025-10-22T03:32:33.6983840Z   P12_PASSWORD: ***
build-ipa	Archive (Release, unsigned)	2025-10-22T03:32:33.9205460Z   PROVISIONING_PROFILE_BASE64: ***
build-ipa	Archive (Release, unsigned)	2025-10-22T03:32:33.9205930Z   MD_APPLE_SDK_ROOT: /Applications/Xcode_26.0.1.app
build-ipa	Archive (Release, unsigned)	2025-10-22T03:32:33.9206340Z   PP_UUID: 57d3bbbf-6439-466a-9147-d61352e54c53
build-ipa	Archive (Release, unsigned)	2025-10-22T03:32:33.9206630Z   PP_NAME: provisionprofilevediclightnew
build-ipa	Archive (Release, unsigned)	2025-10-22T03:32:33.9207000Z   BUNDLE_ID: com.vedic.light
build-ipa	Archive (Release, unsigned)	2025-10-22T03:32:33.9207250Z ##[endgroup]
build-ipa	Archive (Release, unsigned)	2025-10-22T03:32:36.2405510Z Command line invocation:
build-ipa	Archive (Release, unsigned)	2025-10-22T03:32:36.2604970Z     /Applications/Xcode_26.0.1.app/Contents/Developer/usr/bin/xcodebuild archive -project NotesApp.xcodeproj -scheme NotesApp -configuration Release -destination generic/platform=iOS -archivePath /Users/runner/work/_temp/App.xcarchive CODE_SIGNING_ALLOWED=NO CODE_SIGNING_REQUIRED=NO CODE_SIGN_STYLE=Manual CODE_SIGN_IDENTITY= EXPANDED_CODE_SIGN_IDENTITY= PROVISIONING_PROFILE_SPECIFIER= PROVISIONING_PROFILE= DEVELOPMENT_TEAM= LIBRARY_SEARCH_PATHS=/Users/runner/work/vyasfather/vyasfather/ThirdParty/SwissEph/lib OTHER_LDFLAGS=/Users/runner/work/vyasfather/vyasfather/ThirdParty/SwissEph/lib/libswe.a
build-ipa	Archive (Release, unsigned)	2025-10-22T03:32:36.2646440Z 
build-ipa	Archive (Release, unsigned)	2025-10-22T03:32:36.3067200Z Build settings from command line:
build-ipa	Archive (Release, unsigned)	2025-10-22T03:32:36.3181920Z     CODE_SIGN_IDENTITY = 
build-ipa	Archive (Release, unsigned)	2025-10-22T03:32:36.3345800Z     CODE_SIGN_STYLE = Manual
build-ipa	Archive (Release, unsigned)	2025-10-22T03:32:36.3447240Z     CODE_SIGNING_ALLOWED = NO
build-ipa	Archive (Release, unsigned)	2025-10-22T03:32:36.3588260Z     CODE_SIGNING_REQUIRED = NO
build-ipa	Archive (Release, unsigned)	2025-10-22T03:32:36.3589400Z     DEVELOPMENT_TEAM = 
build-ipa	Archive (Release, unsigned)	2025-10-22T03:32:36.3873240Z     EXPANDED_CODE_SIGN_IDENTITY = 
build-ipa	Archive (Release, unsigned)	2025-10-22T03:32:36.3974740Z     LIBRARY_SEARCH_PATHS = /Users/runner/work/vyasfather/vyasfather/ThirdParty/SwissEph/lib
build-ipa	Archive (Release, unsigned)	2025-10-22T03:32:36.4076400Z     OTHER_LDFLAGS = /Users/runner/work/vyasfather/vyasfather/ThirdParty/SwissEph/lib/libswe.a
build-ipa	Archive (Release, unsigned)	2025-10-22T03:32:36.4190290Z     PROVISIONING_PROFILE = 
build-ipa	Archive (Release, unsigned)	2025-10-22T03:32:36.4295050Z     PROVISIONING_PROFILE_SPECIFIER = 
build-ipa	Archive (Release, unsigned)	2025-10-22T03:32:36.4396840Z 
build-ipa	Archive (Release, unsigned)	2025-10-22T03:32:37.0807680Z note: Using codesigning identity override: 
build-ipa	Archive (Release, unsigned)	2025-10-22T03:32:37.5402200Z ComputePackagePrebuildTargetDependencyGraph
build-ipa	Archive (Release, unsigned)	2025-10-22T03:32:37.6045800Z 
build-ipa	Archive (Release, unsigned)	2025-10-22T03:32:37.6094570Z Prepare packages
build-ipa	Archive (Release, unsigned)	2025-10-22T03:32:37.6095890Z 
build-ipa	Archive (Release, unsigned)	2025-10-22T03:32:37.6166060Z CreateBuildRequest
build-ipa	Archive (Release, unsigned)	2025-10-22T03:32:37.6166280Z 
build-ipa	Archive (Release, unsigned)	2025-10-22T03:32:37.6166660Z SendProjectDescription
build-ipa	Archive (Release, unsigned)	2025-10-22T03:32:37.6330720Z 
build-ipa	Archive (Release, unsigned)	2025-10-22T03:32:37.6331140Z CreateBuildOperation
build-ipa	Archive (Release, unsigned)	2025-10-22T03:32:37.6780180Z 
build-ipa	Archive (Release, unsigned)	2025-10-22T03:32:37.6801800Z ComputeTargetDependencyGraph
build-ipa	Archive (Release, unsigned)	2025-10-22T03:32:37.7011740Z note: Building targets in dependency order
build-ipa	Archive (Release, unsigned)	2025-10-22T03:32:37.7013840Z note: Target dependency graph (1 target)
build-ipa	Archive (Release, unsigned)	2025-10-22T03:32:37.7014980Z     Target 'NotesApp' in project 'NotesApp' (no dependencies)
build-ipa	Archive (Release, unsigned)	2025-10-22T03:32:37.7022380Z 
build-ipa	Archive (Release, unsigned)	2025-10-22T03:32:37.7024210Z GatherProvisioningInputs
build-ipa	Archive (Release, unsigned)	2025-10-22T03:32:37.7025330Z 
build-ipa	Archive (Release, unsigned)	2025-10-22T03:32:37.7074290Z CreateBuildDescription
build-ipa	Archive (Release, unsigned)	2025-10-22T03:32:37.7345420Z 
build-ipa	Archive (Release, unsigned)	2025-10-22T03:32:37.7347250Z ExecuteExternalTool /Applications/Xcode_26.0.1.app/Contents/Developer/Toolchains/XcodeDefault.xctoolchain/usr/bin/clang -v -E -dM -isysroot /Applications/Xcode_26.0.1.app/Contents/Developer/Platforms/iPhoneOS.platform/Developer/SDKs/iPhoneOS26.0.sdk -x c -c /dev/null
build-ipa	Archive (Release, unsigned)	2025-10-22T03:32:37.8235080Z 
build-ipa	Archive (Release, unsigned)	2025-10-22T03:32:37.8251710Z ExecuteExternalTool /Applications/Xcode_26.0.1.app/Contents/Developer/usr/bin/momc --dry-run --action generate --swift-version 5.0 --sdkroot /Applications/Xcode_26.0.1.app/Contents/Developer/Platforms/iPhoneOS.platform/Developer/SDKs/iPhoneOS26.0.sdk --iphoneos-deployment-target 17.0 --module BirthInfo /Users/runner/work/vyasfather/vyasfather/NotesApp/NotesModel.xcdatamodeld /Users/runner/Library/Developer/Xcode/DerivedData/NotesApp-etoxexwexniwcybabliihwhqpohf/Build/Intermediates.noindex/ArchiveIntermediates/NotesApp/IntermediateBuildFilesPath/NotesApp.build/Release-iphoneos/NotesApp.build/DerivedSources/CoreDataGenerated/NotesModel
build-ipa	Archive (Release, unsigned)	2025-10-22T03:32:37.8283330Z 
build-ipa	Archive (Release, unsigned)	2025-10-22T03:32:37.8284320Z ExecuteExternalTool /Applications/Xcode_26.0.1.app/Contents/Developer/Toolchains/XcodeDefault.xctoolchain/usr/bin/clang -v -E -dM -arch arm64 -isysroot /Applications/Xcode_26.0.1.app/Contents/Developer/Platforms/iPhoneOS.platform/Developer/SDKs/iPhoneOS26.0.sdk -x objective-c -c /dev/null
build-ipa	Archive (Release, unsigned)	2025-10-22T03:32:37.8486790Z 
build-ipa	Archive (Release, unsigned)	2025-10-22T03:32:37.8534410Z ExecuteExternalTool /Applications/Xcode_26.0.1.app/Contents/Developer/Toolchains/XcodeDefault.xctoolchain/usr/bin/clang -v -E -dM -arch arm64 -isysroot /Applications/Xcode_26.0.1.app/Contents/Developer/Platforms/iPhoneOS.platform/Developer/SDKs/iPhoneOS26.0.sdk -x c -c /dev/null
build-ipa	Archive (Release, unsigned)	2025-10-22T03:32:37.8906820Z 
build-ipa	Archive (Release, unsigned)	2025-10-22T03:32:37.9052290Z ExecuteExternalTool /Applications/Xcode_26.0.1.app/Contents/Developer/usr/bin/actool --print-asset-tag-combinations --output-format xml1 /Users/runner/work/vyasfather/vyasfather/NotesApp/Assets.xcassets
build-ipa	Archive (Release, unsigned)	2025-10-22T03:32:41.9810040Z 
build-ipa	Archive (Release, unsigned)	2025-10-22T03:32:41.9868840Z ExecuteExternalTool /Applications/Xcode_26.0.1.app/Contents/Developer/usr/bin/actool --version --output-format xml1
build-ipa	Archive (Release, unsigned)	2025-10-22T03:32:41.9914890Z 
build-ipa	Archive (Release, unsigned)	2025-10-22T03:32:42.0053740Z ExecuteExternalTool /Applications/Xcode_26.0.1.app/Contents/Developer/Toolchains/XcodeDefault.xctoolchain/usr/bin/swiftc --version
build-ipa	Archive (Release, unsigned)	2025-10-22T03:32:42.1840810Z 
build-ipa	Archive (Release, unsigned)	2025-10-22T03:32:42.1958400Z ExecuteExternalTool /Applications/Xcode_26.0.1.app/Contents/Developer/Toolchains/XcodeDefault.xctoolchain/usr/bin/ld -version_details
build-ipa	Archive (Release, unsigned)	2025-10-22T03:32:42.2393410Z 
build-ipa	Archive (Release, unsigned)	2025-10-22T03:32:42.2820240Z Build description signature: 855225f8a42725e76cb0b84a305fb400
build-ipa	Archive (Release, unsigned)	2025-10-22T03:32:42.2909840Z Build description path: /Users/runner/Library/Developer/Xcode/DerivedData/NotesApp-etoxexwexniwcybabliihwhqpohf/Build/Intermediates.noindex/ArchiveIntermediates/NotesApp/IntermediateBuildFilesPath/XCBuildData/855225f8a42725e76cb0b84a305fb400.xcbuilddata
build-ipa	Archive (Release, unsigned)	2025-10-22T03:32:42.3448930Z CreateBuildDirectory /Users/runner/Library/Developer/Xcode/DerivedData/NotesApp-etoxexwexniwcybabliihwhqpohf/Build/Intermediates.noindex/ArchiveIntermediates/NotesApp/IntermediateBuildFilesPath
build-ipa	Archive (Release, unsigned)	2025-10-22T03:32:42.3568870Z     cd /Users/runner/work/vyasfather/vyasfather/NotesApp.xcodeproj
build-ipa	Archive (Release, unsigned)	2025-10-22T03:32:42.3712270Z     builtin-create-build-directory /Users/runner/Library/Developer/Xcode/DerivedData/NotesApp-etoxexwexniwcybabliihwhqpohf/Build/Intermediates.noindex/ArchiveIntermediates/NotesApp/IntermediateBuildFilesPath
build-ipa	Archive (Release, unsigned)	2025-10-22T03:32:42.3816720Z 
build-ipa	Archive (Release, unsigned)	2025-10-22T03:32:42.3931900Z CreateBuildDirectory /Users/runner/Library/Developer/Xcode/DerivedData/NotesApp-etoxexwexniwcybabliihwhqpohf/Build/Intermediates.noindex/ArchiveIntermediates/NotesApp/InstallationBuildProductsLocation
build-ipa	Archive (Release, unsigned)	2025-10-22T03:32:42.4039300Z     cd /Users/runner/work/vyasfather/vyasfather/NotesApp.xcodeproj
build-ipa	Archive (Release, unsigned)	2025-10-22T03:32:42.4144500Z     builtin-create-build-directory /Users/runner/Library/Developer/Xcode/DerivedData/NotesApp-etoxexwexniwcybabliihwhqpohf/Build/Intermediates.noindex/ArchiveIntermediates/NotesApp/InstallationBuildProductsLocation
build-ipa	Archive (Release, unsigned)	2025-10-22T03:32:42.4221400Z 
build-ipa	Archive (Release, unsigned)	2025-10-22T03:32:42.4222590Z CreateBuildDirectory /Users/runner/Library/Developer/Xcode/DerivedData/NotesApp-etoxexwexniwcybabliihwhqpohf/Build/Intermediates.noindex/ArchiveIntermediates/NotesApp/BuildProductsPath
build-ipa	Archive (Release, unsigned)	2025-10-22T03:32:42.4227180Z     cd /Users/runner/work/vyasfather/vyasfather/NotesApp.xcodeproj
build-ipa	Archive (Release, unsigned)	2025-10-22T03:32:42.4229040Z     builtin-create-build-directory /Users/runner/Library/Developer/Xcode/DerivedData/NotesApp-etoxexwexniwcybabliihwhqpohf/Build/Intermediates.noindex/ArchiveIntermediates/NotesApp/BuildProductsPath
build-ipa	Archive (Release, unsigned)	2025-10-22T03:32:42.4330580Z 
build-ipa	Archive (Release, unsigned)	2025-10-22T03:32:42.4332200Z ClangStatCache /Applications/Xcode_26.0.1.app/Contents/Developer/Toolchains/XcodeDefault.xctoolchain/usr/bin/clang-stat-cache /Applications/Xcode_26.0.1.app/Contents/Developer/Platforms/iPhoneOS.platform/Developer/SDKs/iPhoneOS26.0.sdk /Users/runner/Library/Developer/Xcode/DerivedData/SDKStatCaches.noindex/iphoneos26.0-23A339-3885c01c3e6b6a337905948deab2002ee897cee61435230feef45a4748fd4bcc.sdkstatcache
build-ipa	Archive (Release, unsigned)	2025-10-22T03:32:42.4338790Z     cd /Users/runner/work/vyasfather/vyasfather/NotesApp.xcodeproj
build-ipa	Archive (Release, unsigned)	2025-10-22T03:32:42.4441360Z     /Applications/Xcode_26.0.1.app/Contents/Developer/Toolchains/XcodeDefault.xctoolchain/usr/bin/clang-stat-cache /Applications/Xcode_26.0.1.app/Contents/Developer/Platforms/iPhoneOS.platform/Developer/SDKs/iPhoneOS26.0.sdk -o /Users/runner/Library/Developer/Xcode/DerivedData/SDKStatCaches.noindex/iphoneos26.0-23A339-3885c01c3e6b6a337905948deab2002ee897cee61435230feef45a4748fd4bcc.sdkstatcache
build-ipa	Archive (Release, unsigned)	2025-10-22T03:32:44.4225650Z 
build-ipa	Archive (Release, unsigned)	2025-10-22T03:32:44.4357990Z WriteAuxiliaryFile /Users/runner/Library/Developer/Xcode/DerivedData/NotesApp-etoxexwexniwcybabliihwhqpohf/Build/Intermediates.noindex/ArchiveIntermediates/NotesApp/IntermediateBuildFilesPath/NotesApp.build/Release-iphoneos/NotesApp-599a6b0c646486d9f1c4604e906ba57a-VFS-iphoneos/all-product-headers.yaml
build-ipa	Archive (Release, unsigned)	2025-10-22T03:32:44.4486480Z     cd /Users/runner/work/vyasfather/vyasfather/NotesApp.xcodeproj
build-ipa	Archive (Release, unsigned)	2025-10-22T03:32:44.4602370Z     write-file /Users/runner/Library/Developer/Xcode/DerivedData/NotesApp-etoxexwexniwcybabliihwhqpohf/Build/Intermediates.noindex/ArchiveIntermediates/NotesApp/IntermediateBuildFilesPath/NotesApp.build/Release-iphoneos/NotesApp-599a6b0c646486d9f1c4604e906ba57a-VFS-iphoneos/all-product-headers.yaml
build-ipa	Archive (Release, unsigned)	2025-10-22T03:32:44.4704300Z 
build-ipa	Archive (Release, unsigned)	2025-10-22T03:32:44.4826480Z CreateBuildDirectory /Users/runner/Library/Developer/Xcode/DerivedData/NotesApp-etoxexwexniwcybabliihwhqpohf/Build/Intermediates.noindex/ArchiveIntermediates/NotesApp/IntermediateBuildFilesPath/SwiftExplicitPrecompiledModules
build-ipa	Archive (Release, unsigned)	2025-10-22T03:32:44.4932930Z     cd /Users/runner/work/vyasfather/vyasfather/NotesApp.xcodeproj
build-ipa	Archive (Release, unsigned)	2025-10-22T03:32:44.5035550Z     builtin-create-build-directory /Users/runner/Library/Developer/Xcode/DerivedData/NotesApp-etoxexwexniwcybabliihwhqpohf/Build/Intermediates.noindex/ArchiveIntermediates/NotesApp/IntermediateBuildFilesPath/SwiftExplicitPrecompiledModules
build-ipa	Archive (Release, unsigned)	2025-10-22T03:32:44.5137590Z 
build-ipa	Archive (Release, unsigned)	2025-10-22T03:32:44.5255120Z CreateBuildDirectory /Users/runner/Library/Developer/Xcode/DerivedData/NotesApp-etoxexwexniwcybabliihwhqpohf/Build/Intermediates.noindex/ArchiveIntermediates/NotesApp/IntermediateBuildFilesPath/ExplicitPrecompiledModules
build-ipa	Archive (Release, unsigned)	2025-10-22T03:32:44.5366670Z     cd /Users/runner/work/vyasfather/vyasfather/NotesApp.xcodeproj
build-ipa	Archive (Release, unsigned)	2025-10-22T03:32:44.5484450Z     builtin-create-build-directory /Users/runner/Library/Developer/Xcode/DerivedData/NotesApp-etoxexwexniwcybabliihwhqpohf/Build/Intermediates.noindex/ArchiveIntermediates/NotesApp/IntermediateBuildFilesPath/ExplicitPrecompiledModules
build-ipa	Archive (Release, unsigned)	2025-10-22T03:32:44.5594420Z 
build-ipa	Archive (Release, unsigned)	2025-10-22T03:32:44.5703560Z CreateBuildDirectory /Users/runner/Library/Developer/Xcode/DerivedData/NotesApp-etoxexwexniwcybabliihwhqpohf/Build/Intermediates.noindex/ArchiveIntermediates/NotesApp/IntermediateBuildFilesPath/EagerLinkingTBDs/Release-iphoneos
build-ipa	Archive (Release, unsigned)	2025-10-22T03:32:44.5830850Z     cd /Users/runner/work/vyasfather/vyasfather/NotesApp.xcodeproj
build-ipa	Archive (Release, unsigned)	2025-10-22T03:32:44.5936460Z     builtin-create-build-directory /Users/runner/Library/Developer/Xcode/DerivedData/NotesApp-etoxexwexniwcybabliihwhqpohf/Build/Intermediates.noindex/ArchiveIntermediates/NotesApp/IntermediateBuildFilesPath/EagerLinkingTBDs/Release-iphoneos
build-ipa	Archive (Release, unsigned)	2025-10-22T03:32:44.6049970Z 
build-ipa	Archive (Release, unsigned)	2025-10-22T03:32:44.6123470Z CreateBuildDirectory /Users/runner/Library/Developer/Xcode/DerivedData/NotesApp-etoxexwexniwcybabliihwhqpohf/Build/Intermediates.noindex/ArchiveIntermediates/NotesApp/BuildProductsPath/Release-iphoneos
build-ipa	Archive (Release, unsigned)	2025-10-22T03:32:44.6228200Z     cd /Users/runner/work/vyasfather/vyasfather/NotesApp.xcodeproj
build-ipa	Archive (Release, unsigned)	2025-10-22T03:32:44.6341100Z     builtin-create-build-directory /Users/runner/Library/Developer/Xcode/DerivedData/NotesApp-etoxexwexniwcybabliihwhqpohf/Build/Intermediates.noindex/ArchiveIntermediates/NotesApp/BuildProductsPath/Release-iphoneos
build-ipa	Archive (Release, unsigned)	2025-10-22T03:32:44.6342170Z 
build-ipa	Archive (Release, unsigned)	2025-10-22T03:32:44.6448640Z WriteAuxiliaryFile /Users/runner/Library/Developer/Xcode/DerivedData/NotesApp-etoxexwexniwcybabliihwhqpohf/Build/Intermediates.noindex/ArchiveIntermediates/NotesApp/IntermediateBuildFilesPath/NotesApp.build/Release-iphoneos/NotesApp.build/empty-BirthInfo.plist (in target 'NotesApp' from project 'NotesApp')
build-ipa	Archive (Release, unsigned)	2025-10-22T03:32:44.6551180Z     cd /Users/runner/work/vyasfather/vyasfather
build-ipa	Archive (Release, unsigned)	2025-10-22T03:32:44.6618340Z     write-file /Users/runner/Library/Developer/Xcode/DerivedData/NotesApp-etoxexwexniwcybabliihwhqpohf/Build/Intermediates.noindex/ArchiveIntermediates/NotesApp/IntermediateBuildFilesPath/NotesApp.build/Release-iphoneos/NotesApp.build/empty-BirthInfo.plist
build-ipa	Archive (Release, unsigned)	2025-10-22T03:32:44.6736970Z 
build-ipa	Archive (Release, unsigned)	2025-10-22T03:32:44.6850880Z WriteAuxiliaryFile /Users/runner/Library/Developer/Xcode/DerivedData/NotesApp-etoxexwexniwcybabliihwhqpohf/Build/Intermediates.noindex/ArchiveIntermediates/NotesApp/IntermediateBuildFilesPath/NotesApp.build/Release-iphoneos/NotesApp.build/Objects-normal/arm64/e6072d4f65d7061329687fe24e3d63a7-common-args.resp (in target 'NotesApp' from project 'NotesApp')
build-ipa	Archive (Release, unsigned)	2025-10-22T03:32:44.6958900Z     cd /Users/runner/work/vyasfather/vyasfather
build-ipa	Archive (Release, unsigned)	2025-10-22T03:32:44.7021080Z     write-file /Users/runner/Library/Developer/Xcode/DerivedData/NotesApp-etoxexwexniwcybabliihwhqpohf/Build/Intermediates.noindex/ArchiveIntermediates/NotesApp/IntermediateBuildFilesPath/NotesApp.build/Release-iphoneos/NotesApp.build/Objects-normal/arm64/e6072d4f65d7061329687fe24e3d63a7-common-args.resp
build-ipa	Archive (Release, unsigned)	2025-10-22T03:32:44.7043820Z -target arm64-apple-ios17.0 '-std=gnu17' -fobjc-arc -fobjc-weak -fmodules -gmodules '-fmodules-cache-path=/Users/runner/Library/Developer/Xcode/DerivedData/ModuleCache.noindex' -fpascal-strings -Os -fno-common '-DNS_BLOCK_ASSERTIONS=1' '-DOBJC_OLD_DISPATCH_PROTOTYPES=0' -isysroot /Applications/Xcode_26.0.1.app/Contents/Developer/Platforms/iPhoneOS.platform/Developer/SDKs/iPhoneOS26.0.sdk -g '-fvisibility=hidden' -iquote /Users/runner/Library/Developer/Xcode/DerivedData/NotesApp-etoxexwexniwcybabliihwhqpohf/Build/Intermediates.noindex/ArchiveIntermediates/NotesApp/IntermediateBuildFilesPath/NotesApp.build/Release-iphoneos/NotesApp.build/BirthInfo-generated-files.hmap -I/Users/runner/Library/Developer/Xcode/DerivedData/NotesApp-etoxexwexniwcybabliihwhqpohf/Build/Intermediates.noindex/ArchiveIntermediates/NotesApp/IntermediateBuildFilesPath/NotesApp.build/Release-iphoneos/NotesApp.build/BirthInfo-own-target-headers.hmap -I/Users/runner/Library/Developer/Xcode/DerivedData/NotesApp-etoxexwexniwcybabliihwhqpohf/Build/Intermediates.noindex/ArchiveIntermediates/NotesApp/IntermediateBuildFilesPath/NotesApp.build/Release-iphoneos/NotesApp.build/BirthInfo-all-target-headers.hmap -iquote /Users/runner/Library/Developer/Xcode/DerivedData/NotesApp-etoxexwexniwcybabliihwhqpohf/Build/Intermediates.noindex/ArchiveIntermediates/NotesApp/IntermediateBuildFilesPath/NotesApp.build/Release-iphoneos/NotesApp.build/BirthInfo-project-headers.hmap -I/Users/runner/Library/Developer/Xcode/DerivedData/NotesApp-etoxexwexniwcybabliihwhqpohf/Build/Intermediates.noindex/ArchiveIntermediates/NotesApp/BuildProductsPath/Release-iphoneos/include -I/Users/runner/work/vyasfather/vyasfather/ThirdParty/SwissEph/include -I/Users/runner/work/vyasfather/vyasfather/ThirdParty/SwissEph/src -I/Users/runner/Library/Developer/Xcode/DerivedData/NotesApp-etoxexwexniwcybabliihwhqpohf/Build/Intermediates.noindex/ArchiveIntermediates/NotesApp/IntermediateBuildFilesPath/NotesApp.build/Release-iphoneos/NotesApp.build/DerivedSources-normal/arm64 -I/Users/runner/Library/Developer/Xcode/DerivedData/NotesApp-etoxexwexniwcybabliihwhqpohf/Build/Intermediates.noindex/ArchiveIntermediates/NotesApp/IntermediateBuildFilesPath/NotesApp.build/Release-iphoneos/NotesApp.build/DerivedSources/arm64 -I/Users/runner/Library/Developer/Xcode/DerivedData/NotesApp-etoxexwexniwcybabliihwhqpohf/Build/Intermediates.noindex/ArchiveIntermediates/NotesApp/IntermediateBuildFilesPath/NotesApp.build/Release-iphoneos/NotesApp.build/DerivedSources -F/Users/runner/Library/Developer/Xcode/DerivedData/NotesApp-etoxexwexniwcybabliihwhqpohf/Build/Intermediates.noindex/ArchiveIntermediates/NotesApp/BuildProductsPath/Release-iphoneos
build-ipa	Archive (Release, unsigned)	2025-10-22T03:32:44.7053400Z 
build-ipa	Archive (Release, unsigned)	2025-10-22T03:32:44.7069830Z WriteAuxiliaryFile /Users/runner/Library/Developer/Xcode/DerivedData/NotesApp-etoxexwexniwcybabliihwhqpohf/Build/Intermediates.noindex/ArchiveIntermediates/NotesApp/IntermediateBuildFilesPath/NotesApp.build/Release-iphoneos/NotesApp.build/Objects-normal/arm64/NotesApp_const_extract_protocols.json (in target 'NotesApp' from project 'NotesApp')
build-ipa	Archive (Release, unsigned)	2025-10-22T03:32:44.7072310Z     cd /Users/runner/work/vyasfather/vyasfather
build-ipa	Archive (Release, unsigned)	2025-10-22T03:32:44.7074120Z     write-file /Users/runner/Library/Developer/Xcode/DerivedData/NotesApp-etoxexwexniwcybabliihwhqpohf/Build/Intermediates.noindex/ArchiveIntermediates/NotesApp/IntermediateBuildFilesPath/NotesApp.build/Release-iphoneos/NotesApp.build/Objects-normal/arm64/NotesApp_const_extract_protocols.json
build-ipa	Archive (Release, unsigned)	2025-10-22T03:32:44.7085710Z 
build-ipa	Archive (Release, unsigned)	2025-10-22T03:32:44.7086950Z WriteAuxiliaryFile /Users/runner/Library/Developer/Xcode/DerivedData/NotesApp-etoxexwexniwcybabliihwhqpohf/Build/Intermediates.noindex/ArchiveIntermediates/NotesApp/IntermediateBuildFilesPath/NotesApp.build/Release-iphoneos/NotesApp.build/Objects-normal/arm64/NotesApp-OutputFileMap.json (in target 'NotesApp' from project 'NotesApp')
build-ipa	Archive (Release, unsigned)	2025-10-22T03:32:44.7109380Z     cd /Users/runner/work/vyasfather/vyasfather
build-ipa	Archive (Release, unsigned)	2025-10-22T03:32:44.7111180Z     write-file /Users/runner/Library/Developer/Xcode/DerivedData/NotesApp-etoxexwexniwcybabliihwhqpohf/Build/Intermediates.noindex/ArchiveIntermediates/NotesApp/IntermediateBuildFilesPath/NotesApp.build/Release-iphoneos/NotesApp.build/Objects-normal/arm64/NotesApp-OutputFileMap.json
build-ipa	Archive (Release, unsigned)	2025-10-22T03:32:44.7112740Z 
build-ipa	Archive (Release, unsigned)	2025-10-22T03:32:44.7114430Z WriteAuxiliaryFile /Users/runner/Library/Developer/Xcode/DerivedData/NotesApp-etoxexwexniwcybabliihwhqpohf/Build/Intermediates.noindex/ArchiveIntermediates/NotesApp/IntermediateBuildFilesPath/NotesApp.build/Release-iphoneos/NotesApp.build/Objects-normal/arm64/BirthInfo.SwiftFileList (in target 'NotesApp' from project 'NotesApp')
build-ipa	Archive (Release, unsigned)	2025-10-22T03:32:44.7115970Z     cd /Users/runner/work/vyasfather/vyasfather
build-ipa	Archive (Release, unsigned)	2025-10-22T03:32:44.7117780Z     write-file /Users/runner/Library/Developer/Xcode/DerivedData/NotesApp-etoxexwexniwcybabliihwhqpohf/Build/Intermediates.noindex/ArchiveIntermediates/NotesApp/IntermediateBuildFilesPath/NotesApp.build/Release-iphoneos/NotesApp.build/Objects-normal/arm64/BirthInfo.SwiftFileList
build-ipa	Archive (Release, unsigned)	2025-10-22T03:32:44.7134610Z 
build-ipa	Archive (Release, unsigned)	2025-10-22T03:32:44.7136380Z WriteAuxiliaryFile /Users/runner/Library/Developer/Xcode/DerivedData/NotesApp-etoxexwexniwcybabliihwhqpohf/Build/Intermediates.noindex/ArchiveIntermediates/NotesApp/IntermediateBuildFilesPath/NotesApp.build/Release-iphoneos/NotesApp.build/Objects-normal/arm64/BirthInfo.SwiftConstValuesFileList (in target 'NotesApp' from project 'NotesApp')
build-ipa	Archive (Release, unsigned)	2025-10-22T03:32:44.7138040Z     cd /Users/runner/work/vyasfather/vyasfather
build-ipa	Archive (Release, unsigned)	2025-10-22T03:32:44.7139290Z     write-file /Users/runner/Library/Developer/Xcode/DerivedData/NotesApp-etoxexwexniwcybabliihwhqpohf/Build/Intermediates.noindex/ArchiveIntermediates/NotesApp/IntermediateBuildFilesPath/NotesApp.build/Release-iphoneos/NotesApp.build/Objects-normal/arm64/BirthInfo.SwiftConstValuesFileList
build-ipa	Archive (Release, unsigned)	2025-10-22T03:32:44.7141280Z 
build-ipa	Archive (Release, unsigned)	2025-10-22T03:32:44.7142590Z WriteAuxiliaryFile /Users/runner/Library/Developer/Xcode/DerivedData/NotesApp-etoxexwexniwcybabliihwhqpohf/Build/Intermediates.noindex/ArchiveIntermediates/NotesApp/IntermediateBuildFilesPath/NotesApp.build/Release-iphoneos/NotesApp.build/Objects-normal/arm64/BirthInfo.LinkFileList (in target 'NotesApp' from project 'NotesApp')
build-ipa	Archive (Release, unsigned)	2025-10-22T03:32:44.7158260Z     cd /Users/runner/work/vyasfather/vyasfather
build-ipa	Archive (Release, unsigned)	2025-10-22T03:32:44.7159660Z     write-file /Users/runner/Library/Developer/Xcode/DerivedData/NotesApp-etoxexwexniwcybabliihwhqpohf/Build/Intermediates.noindex/ArchiveIntermediates/NotesApp/IntermediateBuildFilesPath/NotesApp.build/Release-iphoneos/NotesApp.build/Objects-normal/arm64/BirthInfo.LinkFileList
build-ipa	Archive (Release, unsigned)	2025-10-22T03:32:44.7161120Z 
build-ipa	Archive (Release, unsigned)	2025-10-22T03:32:44.7162440Z WriteAuxiliaryFile /Users/runner/Library/Developer/Xcode/DerivedData/NotesApp-etoxexwexniwcybabliihwhqpohf/Build/Intermediates.noindex/ArchiveIntermediates/NotesApp/IntermediateBuildFilesPath/NotesApp.build/Release-iphoneos/NotesApp.build/BirthInfo.hmap (in target 'NotesApp' from project 'NotesApp')
build-ipa	Archive (Release, unsigned)	2025-10-22T03:32:44.7164510Z     cd /Users/runner/work/vyasfather/vyasfather
build-ipa	Archive (Release, unsigned)	2025-10-22T03:32:44.7165640Z     write-file /Users/runner/Library/Developer/Xcode/DerivedData/NotesApp-etoxexwexniwcybabliihwhqpohf/Build/Intermediates.noindex/ArchiveIntermediates/NotesApp/IntermediateBuildFilesPath/NotesApp.build/Release-iphoneos/NotesApp.build/BirthInfo.hmap
build-ipa	Archive (Release, unsigned)	2025-10-22T03:32:44.7166720Z 
build-ipa	Archive (Release, unsigned)	2025-10-22T03:32:44.7167910Z WriteAuxiliaryFile /Users/runner/Library/Developer/Xcode/DerivedData/NotesApp-etoxexwexniwcybabliihwhqpohf/Build/Intermediates.noindex/ArchiveIntermediates/NotesApp/IntermediateBuildFilesPath/NotesApp.build/Release-iphoneos/NotesApp.build/BirthInfo.DependencyStaticMetadataFileList (in target 'NotesApp' from project 'NotesApp')
build-ipa	Archive (Release, unsigned)	2025-10-22T03:32:44.7170240Z     cd /Users/runner/work/vyasfather/vyasfather
build-ipa	Archive (Release, unsigned)	2025-10-22T03:32:44.7171830Z     write-file /Users/runner/Library/Developer/Xcode/DerivedData/NotesApp-etoxexwexniwcybabliihwhqpohf/Build/Intermediates.noindex/ArchiveIntermediates/NotesApp/IntermediateBuildFilesPath/NotesApp.build/Release-iphoneos/NotesApp.build/BirthInfo.DependencyStaticMetadataFileList
build-ipa	Archive (Release, unsigned)	2025-10-22T03:32:44.7185820Z 
build-ipa	Archive (Release, unsigned)	2025-10-22T03:32:44.7261190Z WriteAuxiliaryFile /Users/runner/Library/Developer/Xcode/DerivedData/NotesApp-etoxexwexniwcybabliihwhqpohf/Build/Intermediates.noindex/ArchiveIntermediates/NotesApp/IntermediateBuildFilesPath/NotesApp.build/Release-iphoneos/NotesApp.build/BirthInfo.DependencyMetadataFileList (in target 'NotesApp' from project 'NotesApp')
build-ipa	Archive (Release, unsigned)	2025-10-22T03:32:44.7375760Z     cd /Users/runner/work/vyasfather/vyasfather
build-ipa	Archive (Release, unsigned)	2025-10-22T03:32:44.7484530Z     write-file /Users/runner/Library/Developer/Xcode/DerivedData/NotesApp-etoxexwexniwcybabliihwhqpohf/Build/Intermediates.noindex/ArchiveIntermediates/NotesApp/IntermediateBuildFilesPath/NotesApp.build/Release-iphoneos/NotesApp.build/BirthInfo.DependencyMetadataFileList
build-ipa	Archive (Release, unsigned)	2025-10-22T03:32:44.7568370Z 
build-ipa	Archive (Release, unsigned)	2025-10-22T03:32:44.7616900Z WriteAuxiliaryFile /Users/runner/Library/Developer/Xcode/DerivedData/NotesApp-etoxexwexniwcybabliihwhqpohf/Build/Intermediates.noindex/ArchiveIntermediates/NotesApp/IntermediateBuildFilesPath/NotesApp.build/Release-iphoneos/NotesApp.build/BirthInfo-project-headers.hmap (in target 'NotesApp' from project 'NotesApp')
build-ipa	Archive (Release, unsigned)	2025-10-22T03:32:44.7726140Z     cd /Users/runner/work/vyasfather/vyasfather
build-ipa	Archive (Release, unsigned)	2025-10-22T03:32:44.7731190Z     write-file /Users/runner/Library/Developer/Xcode/DerivedData/NotesApp-etoxexwexniwcybabliihwhqpohf/Build/Intermediates.noindex/ArchiveIntermediates/NotesApp/IntermediateBuildFilesPath/NotesApp.build/Release-iphoneos/NotesApp.build/BirthInfo-project-headers.hmap
build-ipa	Archive (Release, unsigned)	2025-10-22T03:32:44.7732540Z 
build-ipa	Archive (Release, unsigned)	2025-10-22T03:32:44.7733800Z WriteAuxiliaryFile /Users/runner/Library/Developer/Xcode/DerivedData/NotesApp-etoxexwexniwcybabliihwhqpohf/Build/Intermediates.noindex/ArchiveIntermediates/NotesApp/IntermediateBuildFilesPath/NotesApp.build/Release-iphoneos/NotesApp.build/BirthInfo-own-target-headers.hmap (in target 'NotesApp' from project 'NotesApp')
build-ipa	Archive (Release, unsigned)	2025-10-22T03:32:44.7735790Z     cd /Users/runner/work/vyasfather/vyasfather
build-ipa	Archive (Release, unsigned)	2025-10-22T03:32:44.7809780Z     write-file /Users/runner/Library/Developer/Xcode/DerivedData/NotesApp-etoxexwexniwcybabliihwhqpohf/Build/Intermediates.noindex/ArchiveIntermediates/NotesApp/IntermediateBuildFilesPath/NotesApp.build/Release-iphoneos/NotesApp.build/BirthInfo-own-target-headers.hmap
build-ipa	Archive (Release, unsigned)	2025-10-22T03:32:44.7811030Z 
build-ipa	Archive (Release, unsigned)	2025-10-22T03:32:44.7812140Z WriteAuxiliaryFile /Users/runner/Library/Developer/Xcode/DerivedData/NotesApp-etoxexwexniwcybabliihwhqpohf/Build/Intermediates.noindex/ArchiveIntermediates/NotesApp/IntermediateBuildFilesPath/NotesApp.build/Release-iphoneos/NotesApp.build/BirthInfo-generated-files.hmap (in target 'NotesApp' from project 'NotesApp')
build-ipa	Archive (Release, unsigned)	2025-10-22T03:32:44.7814600Z     cd /Users/runner/work/vyasfather/vyasfather
build-ipa	Archive (Release, unsigned)	2025-10-22T03:32:44.7815920Z     write-file /Users/runner/Library/Developer/Xcode/DerivedData/NotesApp-etoxexwexniwcybabliihwhqpohf/Build/Intermediates.noindex/ArchiveIntermediates/NotesApp/IntermediateBuildFilesPath/NotesApp.build/Release-iphoneos/NotesApp.build/BirthInfo-generated-files.hmap
build-ipa	Archive (Release, unsigned)	2025-10-22T03:32:44.7873270Z 
build-ipa	Archive (Release, unsigned)	2025-10-22T03:32:44.7875480Z WriteAuxiliaryFile /Users/runner/Library/Developer/Xcode/DerivedData/NotesApp-etoxexwexniwcybabliihwhqpohf/Build/Intermediates.noindex/ArchiveIntermediates/NotesApp/IntermediateBuildFilesPath/NotesApp.build/Release-iphoneos/NotesApp.build/BirthInfo-all-target-headers.hmap (in target 'NotesApp' from project 'NotesApp')
build-ipa	Archive (Release, unsigned)	2025-10-22T03:32:44.7876930Z     cd /Users/runner/work/vyasfather/vyasfather
build-ipa	Archive (Release, unsigned)	2025-10-22T03:32:44.7878100Z     write-file /Users/runner/Library/Developer/Xcode/DerivedData/NotesApp-etoxexwexniwcybabliihwhqpohf/Build/Intermediates.noindex/ArchiveIntermediates/NotesApp/IntermediateBuildFilesPath/NotesApp.build/Release-iphoneos/NotesApp.build/BirthInfo-all-target-headers.hmap
build-ipa	Archive (Release, unsigned)	2025-10-22T03:32:44.7879340Z 
build-ipa	Archive (Release, unsigned)	2025-10-22T03:32:44.7880400Z WriteAuxiliaryFile /Users/runner/Library/Developer/Xcode/DerivedData/NotesApp-etoxexwexniwcybabliihwhqpohf/Build/Intermediates.noindex/ArchiveIntermediates/NotesApp/IntermediateBuildFilesPath/NotesApp.build/Release-iphoneos/NotesApp.build/BirthInfo-all-non-framework-target-headers.hmap (in target 'NotesApp' from project 'NotesApp')
build-ipa	Archive (Release, unsigned)	2025-10-22T03:32:44.7881750Z     cd /Users/runner/work/vyasfather/vyasfather
build-ipa	Archive (Release, unsigned)	2025-10-22T03:32:44.7882840Z     write-file /Users/runner/Library/Developer/Xcode/DerivedData/NotesApp-etoxexwexniwcybabliihwhqpohf/Build/Intermediates.noindex/ArchiveIntermediates/NotesApp/IntermediateBuildFilesPath/NotesApp.build/Release-iphoneos/NotesApp.build/BirthInfo-all-non-framework-target-headers.hmap
build-ipa	Archive (Release, unsigned)	2025-10-22T03:32:44.7883890Z 
build-ipa	Archive (Release, unsigned)	2025-10-22T03:32:44.7885080Z SymLink /Users/runner/Library/Developer/Xcode/DerivedData/NotesApp-etoxexwexniwcybabliihwhqpohf/Build/Intermediates.noindex/ArchiveIntermediates/NotesApp/BuildProductsPath/Release-iphoneos/BirthInfo.app ../../InstallationBuildProductsLocation/Applications/BirthInfo.app (in target 'NotesApp' from project 'NotesApp')
build-ipa	Archive (Release, unsigned)	2025-10-22T03:32:44.7911640Z     cd /Users/runner/work/vyasfather/vyasfather
build-ipa	Archive (Release, unsigned)	2025-10-22T03:32:44.7912730Z     /bin/ln -sfh ../../InstallationBuildProductsLocation/Applications/BirthInfo.app /Users/runner/Library/Developer/Xcode/DerivedData/NotesApp-etoxexwexniwcybabliihwhqpohf/Build/Intermediates.noindex/ArchiveIntermediates/NotesApp/BuildProductsPath/Release-iphoneos/BirthInfo.app
build-ipa	Archive (Release, unsigned)	2025-10-22T03:32:44.7918990Z 
build-ipa	Archive (Release, unsigned)	2025-10-22T03:32:44.7919840Z MkDir /Users/runner/Library/Developer/Xcode/DerivedData/NotesApp-etoxexwexniwcybabliihwhqpohf/Build/Intermediates.noindex/ArchiveIntermediates/NotesApp/InstallationBuildProductsLocation/Applications/BirthInfo.app (in target 'NotesApp' from project 'NotesApp')
build-ipa	Archive (Release, unsigned)	2025-10-22T03:32:44.7920870Z     cd /Users/runner/work/vyasfather/vyasfather
build-ipa	Archive (Release, unsigned)	2025-10-22T03:32:44.7926080Z     /bin/mkdir -p /Users/runner/Library/Developer/Xcode/DerivedData/NotesApp-etoxexwexniwcybabliihwhqpohf/Build/Intermediates.noindex/ArchiveIntermediates/NotesApp/InstallationBuildProductsLocation/Applications/BirthInfo.app
build-ipa	Archive (Release, unsigned)	2025-10-22T03:32:44.7926870Z 
build-ipa	Archive (Release, unsigned)	2025-10-22T03:32:44.7930730Z ValidateDevelopmentAssets /Users/runner/Library/Developer/Xcode/DerivedData/NotesApp-etoxexwexniwcybabliihwhqpohf/Build/Intermediates.noindex/ArchiveIntermediates/NotesApp/IntermediateBuildFilesPath/NotesApp.build/Release-iphoneos/NotesApp.build (in target 'NotesApp' from project 'NotesApp')
build-ipa	Archive (Release, unsigned)	2025-10-22T03:32:44.7938010Z     cd /Users/runner/work/vyasfather/vyasfather
build-ipa	Archive (Release, unsigned)	2025-10-22T03:32:44.7938580Z     builtin-validate-development-assets --validate YES_ERROR /Users/runner/work/vyasfather/vyasfather/NotesApp/Preview\ Content
build-ipa	Archive (Release, unsigned)	2025-10-22T03:32:44.7938960Z 
build-ipa	Archive (Release, unsigned)	2025-10-22T03:32:44.7940210Z MkDir /Users/runner/Library/Developer/Xcode/DerivedData/NotesApp-etoxexwexniwcybabliihwhqpohf/Build/Intermediates.noindex/ArchiveIntermediates/NotesApp/IntermediateBuildFilesPath/NotesApp.build/Release-iphoneos/NotesApp.build/assetcatalog_output/thinned (in target 'NotesApp' from project 'NotesApp')
build-ipa	Archive (Release, unsigned)	2025-10-22T03:32:44.7941420Z     cd /Users/runner/work/vyasfather/vyasfather
build-ipa	Archive (Release, unsigned)	2025-10-22T03:32:44.7942310Z     /bin/mkdir -p /Users/runner/Library/Developer/Xcode/DerivedData/NotesApp-etoxexwexniwcybabliihwhqpohf/Build/Intermediates.noindex/ArchiveIntermediates/NotesApp/IntermediateBuildFilesPath/NotesApp.build/Release-iphoneos/NotesApp.build/assetcatalog_output/thinned
build-ipa	Archive (Release, unsigned)	2025-10-22T03:32:44.7943130Z 
build-ipa	Archive (Release, unsigned)	2025-10-22T03:32:44.7944070Z MkDir /Users/runner/Library/Developer/Xcode/DerivedData/NotesApp-etoxexwexniwcybabliihwhqpohf/Build/Intermediates.noindex/ArchiveIntermediates/NotesApp/IntermediateBuildFilesPath/NotesApp.build/Release-iphoneos/NotesApp.build/assetcatalog_output/unthinned (in target 'NotesApp' from project 'NotesApp')
build-ipa	Archive (Release, unsigned)	2025-10-22T03:32:44.7945110Z     cd /Users/runner/work/vyasfather/vyasfather
build-ipa	Archive (Release, unsigned)	2025-10-22T03:32:44.7946020Z     /bin/mkdir -p /Users/runner/Library/Developer/Xcode/DerivedData/NotesApp-etoxexwexniwcybabliihwhqpohf/Build/Intermediates.noindex/ArchiveIntermediates/NotesApp/IntermediateBuildFilesPath/NotesApp.build/Release-iphoneos/NotesApp.build/assetcatalog_output/unthinned
build-ipa	Archive (Release, unsigned)	2025-10-22T03:32:44.7947150Z 
build-ipa	Archive (Release, unsigned)	2025-10-22T03:32:44.7947490Z GenerateAssetSymbols /Users/runner/work/vyasfather/vyasfather/NotesApp/Assets.xcassets (in target 'NotesApp' from project 'NotesApp')
build-ipa	Archive (Release, unsigned)	2025-10-22T03:32:44.7948120Z     cd /Users/runner/work/vyasfather/vyasfather
build-ipa	Archive (Release, unsigned)	2025-10-22T03:32:44.7954590Z     /Applications/Xcode_26.0.1.app/Contents/Developer/usr/bin/actool /Users/runner/work/vyasfather/vyasfather/NotesApp/Assets.xcassets --compile /Users/runner/Library/Developer/Xcode/DerivedData/NotesApp-etoxexwexniwcybabliihwhqpohf/Build/Intermediates.noindex/ArchiveIntermediates/NotesApp/InstallationBuildProductsLocation/Applications/BirthInfo.app --output-format human-readable-text --notices --warnings --export-dependency-info /Users/runner/Library/Developer/Xcode/DerivedData/NotesApp-etoxexwexniwcybabliihwhqpohf/Build/Intermediates.noindex/ArchiveIntermediates/NotesApp/IntermediateBuildFilesPath/NotesApp.build/Release-iphoneos/NotesApp.build/assetcatalog_dependencies --output-partial-info-plist /Users/runner/Library/Developer/Xcode/DerivedData/NotesApp-etoxexwexniwcybabliihwhqpohf/Build/Intermediates.noindex/ArchiveIntermediates/NotesApp/IntermediateBuildFilesPath/NotesApp.build/Release-iphoneos/NotesApp.build/assetcatalog_generated_info.plist --app-icon AppIcon --accent-color AccentColor --compress-pngs --enable-on-demand-resources YES --development-region en --target-device iphone --target-device ipad --minimum-deployment-target 17.0 --platform iphoneos --bundle-identifier com.vedic.light --generate-swift-asset-symbols /Users/runner/Library/Developer/Xcode/DerivedData/NotesApp-etoxexwexniwcybabliihwhqpohf/Build/Intermediates.noindex/ArchiveIntermediates/NotesApp/IntermediateBuildFilesPath/NotesApp.build/Release-iphoneos/NotesApp.build/DerivedSources/GeneratedAssetSymbols.swift --generate-objc-asset-symbols /Users/runner/Library/Developer/Xcode/DerivedData/NotesApp-etoxexwexniwcybabliihwhqpohf/Build/Intermediates.noindex/ArchiveIntermediates/NotesApp/IntermediateBuildFilesPath/NotesApp.build/Release-iphoneos/NotesApp.build/DerivedSources/GeneratedAssetSymbols.h --generate-asset-symbol-index /Users/runner/Library/Developer/Xcode/DerivedData/NotesApp-etoxexwexniwcybabliihwhqpohf/Build/Intermediates.noindex/ArchiveIntermediates/NotesApp/IntermediateBuildFilesPath/NotesApp.build/Release-iphoneos/NotesApp.build/DerivedSources/GeneratedAssetSymbols-Index.plist
build-ipa	Archive (Release, unsigned)	2025-10-22T03:32:44.7967040Z /* com.apple.actool.compilation-results */
build-ipa	Archive (Release, unsigned)	2025-10-22T03:32:44.7968150Z /Users/runner/Library/Developer/Xcode/DerivedData/NotesApp-etoxexwexniwcybabliihwhqpohf/Build/Intermediates.noindex/ArchiveIntermediates/NotesApp/IntermediateBuildFilesPath/NotesApp.build/Release-iphoneos/NotesApp.build/DerivedSources/GeneratedAssetSymbols-Index.plist
build-ipa	Archive (Release, unsigned)	2025-10-22T03:32:44.7970170Z /Users/runner/Library/Developer/Xcode/DerivedData/NotesApp-etoxexwexniwcybabliihwhqpohf/Build/Intermediates.noindex/ArchiveIntermediates/NotesApp/IntermediateBuildFilesPath/NotesApp.build/Release-iphoneos/NotesApp.build/DerivedSources/GeneratedAssetSymbols.h
build-ipa	Archive (Release, unsigned)	2025-10-22T03:32:44.8004500Z /Users/runner/Library/Developer/Xcode/DerivedData/NotesApp-etoxexwexniwcybabliihwhqpohf/Build/Intermediates.noindex/ArchiveIntermediates/NotesApp/IntermediateBuildFilesPath/NotesApp.build/Release-iphoneos/NotesApp.build/DerivedSources/GeneratedAssetSymbols.swift
build-ipa	Archive (Release, unsigned)	2025-10-22T03:32:44.8006100Z 
build-ipa	Archive (Release, unsigned)	2025-10-22T03:32:44.8006260Z 
build-ipa	Archive (Release, unsigned)	2025-10-22T03:32:44.8007460Z DataModelCompile /Users/runner/Library/Developer/Xcode/DerivedData/NotesApp-etoxexwexniwcybabliihwhqpohf/Build/Intermediates.noindex/ArchiveIntermediates/NotesApp/InstallationBuildProductsLocation/Applications/BirthInfo.app/ /Users/runner/work/vyasfather/vyasfather/NotesApp/NotesModel.xcdatamodeld (in target 'NotesApp' from project 'NotesApp')
build-ipa	Archive (Release, unsigned)	2025-10-22T03:32:44.8009090Z     cd /Users/runner/work/vyasfather/vyasfather
build-ipa	Archive (Release, unsigned)	2025-10-22T03:32:44.8020520Z     /Applications/Xcode_26.0.1.app/Contents/Developer/usr/bin/momc --sdkroot /Applications/Xcode_26.0.1.app/Contents/Developer/Platforms/iPhoneOS.platform/Developer/SDKs/iPhoneOS26.0.sdk --iphoneos-deployment-target 17.0 --module BirthInfo /Users/runner/work/vyasfather/vyasfather/NotesApp/NotesModel.xcdatamodeld /Users/runner/Library/Developer/Xcode/DerivedData/NotesApp-etoxexwexniwcybabliihwhqpohf/Build/Intermediates.noindex/ArchiveIntermediates/NotesApp/InstallationBuildProductsLocation/Applications/BirthInfo.app/
build-ipa	Archive (Release, unsigned)	2025-10-22T03:32:44.8022850Z NotesModel.xcdatamodel: note: Model NotesModel version checksum: 7rUPITvEDeHyyd95Fx0Q9zLs6ks50KfAuNnktpDWXdw=
build-ipa	Archive (Release, unsigned)	2025-10-22T03:32:44.8023190Z 
build-ipa	Archive (Release, unsigned)	2025-10-22T03:32:44.8023610Z DataModelCodegen /Users/runner/work/vyasfather/vyasfather/NotesApp/NotesModel.xcdatamodeld (in target 'NotesApp' from project 'NotesApp')
build-ipa	Archive (Release, unsigned)	2025-10-22T03:32:44.8024180Z     cd /Users/runner/work/vyasfather/vyasfather
build-ipa	Archive (Release, unsigned)	2025-10-22T03:32:44.8026130Z     /Applications/Xcode_26.0.1.app/Contents/Developer/usr/bin/momc --action generate --swift-version 5.0 --sdkroot /Applications/Xcode_26.0.1.app/Contents/Developer/Platforms/iPhoneOS.platform/Developer/SDKs/iPhoneOS26.0.sdk --iphoneos-deployment-target 17.0 --module BirthInfo /Users/runner/work/vyasfather/vyasfather/NotesApp/NotesModel.xcdatamodeld /Users/runner/Library/Developer/Xcode/DerivedData/NotesApp-etoxexwexniwcybabliihwhqpohf/Build/Intermediates.noindex/ArchiveIntermediates/NotesApp/IntermediateBuildFilesPath/NotesApp.build/Release-iphoneos/NotesApp.build/DerivedSources/CoreDataGenerated/NotesModel
build-ipa	Archive (Release, unsigned)	2025-10-22T03:32:44.8030040Z 
build-ipa	Archive (Release, unsigned)	2025-10-22T03:32:44.8032260Z CpResource /Users/runner/Library/Developer/Xcode/DerivedData/NotesApp-etoxexwexniwcybabliihwhqpohf/Build/Intermediates.noindex/ArchiveIntermediates/NotesApp/InstallationBuildProductsLocation/Applications/BirthInfo.app/SwissEph /Users/runner/work/vyasfather/vyasfather/NotesApp/SwissEph (in target 'NotesApp' from project 'NotesApp')
build-ipa	Archive (Release, unsigned)	2025-10-22T03:32:44.8033740Z     cd /Users/runner/work/vyasfather/vyasfather
build-ipa	Archive (Release, unsigned)	2025-10-22T03:32:44.8035520Z     builtin-copy -exclude .DS_Store -exclude CVS -exclude .svn -exclude .git -exclude .hg -resolve-src-symlinks /Users/runner/work/vyasfather/vyasfather/NotesApp/SwissEph /Users/runner/Library/Developer/Xcode/DerivedData/NotesApp-etoxexwexniwcybabliihwhqpohf/Build/Intermediates.noindex/ArchiveIntermediates/NotesApp/InstallationBuildProductsLocation/Applications/BirthInfo.app
build-ipa	Archive (Release, unsigned)	2025-10-22T03:32:44.8036690Z 
build-ipa	Archive (Release, unsigned)	2025-10-22T03:32:44.8037840Z CompileAssetCatalogVariant thinned /Users/runner/Library/Developer/Xcode/DerivedData/NotesApp-etoxexwexniwcybabliihwhqpohf/Build/Intermediates.noindex/ArchiveIntermediates/NotesApp/InstallationBuildProductsLocation/Applications/BirthInfo.app /Users/runner/work/vyasfather/vyasfather/NotesApp/Assets.xcassets (in target 'NotesApp' from project 'NotesApp')
build-ipa	Archive (Release, unsigned)	2025-10-22T03:32:44.8040190Z     cd /Users/runner/work/vyasfather/vyasfather
build-ipa	Archive (Release, unsigned)	2025-10-22T03:32:44.8044830Z     /Applications/Xcode_26.0.1.app/Contents/Developer/usr/bin/actool /Users/runner/work/vyasfather/vyasfather/NotesApp/Assets.xcassets --compile /Users/runner/Library/Developer/Xcode/DerivedData/NotesApp-etoxexwexniwcybabliihwhqpohf/Build/Intermediates.noindex/ArchiveIntermediates/NotesApp/IntermediateBuildFilesPath/NotesApp.build/Release-iphoneos/NotesApp.build/assetcatalog_output/thinned --output-format human-readable-text --notices --warnings --export-dependency-info /Users/runner/Library/Developer/Xcode/DerivedData/NotesApp-etoxexwexniwcybabliihwhqpohf/Build/Intermediates.noindex/ArchiveIntermediates/NotesApp/IntermediateBuildFilesPath/NotesApp.build/Release-iphoneos/NotesApp.build/assetcatalog_dependencies_thinned --output-partial-info-plist /Users/runner/Library/Developer/Xcode/DerivedData/NotesApp-etoxexwexniwcybabliihwhqpohf/Build/Intermediates.noindex/ArchiveIntermediates/NotesApp/IntermediateBuildFilesPath/NotesApp.build/Release-iphoneos/NotesApp.build/assetcatalog_generated_info.plist_thinned --app-icon AppIcon --accent-color AccentColor --compress-pngs --enable-on-demand-resources YES --development-region en --target-device iphone --target-device ipad --minimum-deployment-target 17.0 --platform iphoneos
build-ipa	Archive (Release, unsigned)	2025-10-22T03:32:50.5610180Z objc[3852]: Class _NoAnimationDelegate is implemented in both /Library/Developer/CoreSimulator/Volumes/iOS_23A343/Library/Developer/CoreSimulator/Profiles/Runtimes/iOS 26.0.simruntime/Contents/Resources/RuntimeRoot/System/Library/Frameworks/SwiftUICore.framework/SwiftUICore (0x145880130) and /Library/Developer/CoreSimulator/Volumes/iOS_23A343/Library/Developer/CoreSimulator/Profiles/Runtimes/iOS 26.0.simruntime/Contents/Resources/RuntimeRoot/System/Library/PrivateFrameworks/UIKitCore.framework/UIKitCore (0x1429e9198). This may cause spurious casting failures and mysterious crashes. One of the duplicates must be removed or renamed.
build-ipa	Archive (Release, unsigned)	2025-10-22T03:32:50.5612330Z /* com.apple.actool.document.notices */
build-ipa	Archive (Release, unsigned)	2025-10-22T03:32:50.5613750Z /Users/runner/work/vyasfather/vyasfather/NotesApp/Assets.xcassets:./AppIcon.appiconset/[][ipad][76x76][][][1x][][][][]: notice: 76x76@1x app icons only apply to iPad apps targeting releases of iOS prior to 10.0.
build-ipa	Archive (Release, unsigned)	2025-10-22T03:32:50.5614540Z /* com.apple.actool.compilation-results */
build-ipa	Archive (Release, unsigned)	2025-10-22T03:32:50.5615640Z /Users/runner/Library/Developer/Xcode/DerivedData/NotesApp-etoxexwexniwcybabliihwhqpohf/Build/Intermediates.noindex/ArchiveIntermediates/NotesApp/IntermediateBuildFilesPath/NotesApp.build/Release-iphoneos/NotesApp.build/assetcatalog_generated_info.plist_thinned
build-ipa	Archive (Release, unsigned)	2025-10-22T03:32:50.5617300Z /Users/runner/Library/Developer/Xcode/DerivedData/NotesApp-etoxexwexniwcybabliihwhqpohf/Build/Intermediates.noindex/ArchiveIntermediates/NotesApp/IntermediateBuildFilesPath/NotesApp.build/Release-iphoneos/NotesApp.build/assetcatalog_output/thinned/AppIcon60x60@2x.png
build-ipa	Archive (Release, unsigned)	2025-10-22T03:32:50.5619250Z /Users/runner/Library/Developer/Xcode/DerivedData/NotesApp-etoxexwexniwcybabliihwhqpohf/Build/Intermediates.noindex/ArchiveIntermediates/NotesApp/IntermediateBuildFilesPath/NotesApp.build/Release-iphoneos/NotesApp.build/assetcatalog_output/thinned/AppIcon76x76@2x~ipad.png
build-ipa	Archive (Release, unsigned)	2025-10-22T03:32:50.5624410Z /Users/runner/Library/Developer/Xcode/DerivedData/NotesApp-etoxexwexniwcybabliihwhqpohf/Build/Intermediates.noindex/ArchiveIntermediates/NotesApp/IntermediateBuildFilesPath/NotesApp.build/Release-iphoneos/NotesApp.build/assetcatalog_output/thinned/Assets.car
build-ipa	Archive (Release, unsigned)	2025-10-22T03:32:50.5625300Z 
build-ipa	Archive (Release, unsigned)	2025-10-22T03:32:50.5625310Z 
build-ipa	Archive (Release, unsigned)	2025-10-22T03:32:50.5625580Z SwiftDriver NotesApp normal arm64 com.apple.xcode.tools.swift.compiler (in target 'NotesApp' from project 'NotesApp')
build-ipa	Archive (Release, unsigned)	2025-10-22T03:32:50.5626150Z     cd /Users/runner/work/vyasfather/vyasfather
build-ipa	Archive (Release, unsigned)	2025-10-22T03:32:50.5651600Z     builtin-SwiftDriver -- /Applications/Xcode_26.0.1.app/Contents/Developer/Toolchains/XcodeDefault.xctoolchain/usr/bin/swiftc -module-name BirthInfo -O -whole-module-optimization -enforce-exclusivity\=checked @/Users/runner/Library/Developer/Xcode/DerivedData/NotesApp-etoxexwexniwcybabliihwhqpohf/Build/Intermediates.noindex/ArchiveIntermediates/NotesApp/IntermediateBuildFilesPath/NotesApp.build/Release-iphoneos/NotesApp.build/Objects-normal/arm64/BirthInfo.SwiftFileList -enable-bare-slash-regex -enable-experimental-feature DebugDescriptionMacro -sdk /Applications/Xcode_26.0.1.app/Contents/Developer/Platforms/iPhoneOS.platform/Developer/SDKs/iPhoneOS26.0.sdk -target arm64-apple-ios17.0 -g -module-cache-path /Users/runner/Library/Developer/Xcode/DerivedData/ModuleCache.noindex -Xfrontend -serialize-debugging-options -swift-version 5 -I /Users/runner/Library/Developer/Xcode/DerivedData/NotesApp-etoxexwexniwcybabliihwhqpohf/Build/Intermediates.noindex/ArchiveIntermediates/NotesApp/BuildProductsPath/Release-iphoneos -F /Users/runner/Library/Developer/Xcode/DerivedData/NotesApp-etoxexwexniwcybabliihwhqpohf/Build/Intermediates.noindex/ArchiveIntermediates/NotesApp/BuildProductsPath/Release-iphoneos -emit-localized-strings -emit-localized-strings-path /Users/runner/Library/Developer/Xcode/DerivedData/NotesApp-etoxexwexniwcybabliihwhqpohf/Build/Intermediates.noindex/ArchiveIntermediates/NotesApp/IntermediateBuildFilesPath/NotesApp.build/Release-iphoneos/NotesApp.build/Objects-normal/arm64 -c -num-threads 3 -Xcc -ivfsstatcache -Xcc /Users/runner/Library/Developer/Xcode/DerivedData/SDKStatCaches.noindex/iphoneos26.0-23A339-3885c01c3e6b6a337905948deab2002ee897cee61435230feef45a4748fd4bcc.sdkstatcache -output-file-map /Users/runner/Library/Developer/Xcode/DerivedData/NotesApp-etoxexwexniwcybabliihwhqpohf/Build/Intermediates.noindex/ArchiveIntermediates/NotesApp/IntermediateBuildFilesPath/NotesApp.build/Release-iphoneos/NotesApp.build/Objects-normal/arm64/NotesApp-OutputFileMap.json -use-frontend-parseable-output -save-temps -no-color-diagnostics -explicit-module-build -module-cache-path /Users/runner/Library/Developer/Xcode/DerivedData/NotesApp-etoxexwexniwcybabliihwhqpohf/Build/Intermediates.noindex/ArchiveIntermediates/NotesApp/IntermediateBuildFilesPath/SwiftExplicitPrecompiledModules -clang-scanner-module-cache-path /Users/runner/Library/Developer/Xcode/DerivedData/ModuleCache.noindex -sdk-module-cache-path /Users/runner/Library/Developer/Xcode/DerivedData/ModuleCache.noindex -serialize-diagnostics -emit-dependencies -emit-module -emit-module-path /Users/runner/Library/Developer/Xcode/DerivedData/NotesApp-etoxexwexniwcybabliihwhqpohf/Build/Intermediates.noindex/ArchiveIntermediates/NotesApp/IntermediateBuildFilesPath/NotesApp.build/Release-iphoneos/NotesApp.build/Objects-normal/arm64/BirthInfo.swiftmodule -validate-clang-modules-once -clang-build-session-file /Users/runner/Library/Developer/Xcode/DerivedData/ModuleCache.noindex/Session.modulevalidation -Xcc -I/Users/runner/Library/Developer/Xcode/DerivedData/NotesApp-etoxexwexniwcybabliihwhqpohf/Build/Intermediates.noindex/ArchiveIntermediates/NotesApp/IntermediateBuildFilesPath/NotesApp.build/Release-iphoneos/NotesApp.build/swift-overrides.hmap -emit-const-values -Xfrontend -const-gather-protocols-file -Xfrontend /Users/runner/Library/Developer/Xcode/DerivedData/NotesApp-etoxexwexniwcybabliihwhqpohf/Build/Intermediates.noindex/ArchiveIntermediates/NotesApp/IntermediateBuildFilesPath/NotesApp.build/Release-iphoneos/NotesApp.build/Objects-normal/arm64/NotesApp_const_extract_protocols.json -Xcc -iquote -Xcc /Users/runner/Library/Developer/Xcode/DerivedData/NotesApp-etoxexwexniwcybabliihwhqpohf/Build/Intermediates.noindex/ArchiveIntermediates/NotesApp/IntermediateBuildFilesPath/NotesApp.build/Release-iphoneos/NotesApp.build/BirthInfo-generated-files.hmap -Xcc -I/Users/runner/Library/Developer/Xcode/DerivedData/NotesApp-etoxexwexniwcybabliihwhqpohf/Build/Intermediates.noindex/ArchiveIntermediates/NotesApp/IntermediateBuildFilesPath/NotesApp.build/Release-iphoneos/NotesApp.build/BirthInfo-own-target-headers.hmap -Xcc -I/Users/runner/Library/Developer/Xcode/DerivedData/NotesApp-etoxexwexniwcybabliihwhqpohf/Build/Intermediates.noindex/ArchiveIntermediates/NotesApp/IntermediateBuildFilesPath/NotesApp.build/Release-iphoneos/NotesApp.build/BirthInfo-all-target-headers.hmap -Xcc -iquote -Xcc /Users/runner/Library/Developer/Xcode/DerivedData/NotesApp-etoxexwexniwcybabliihwhqpohf/Build/Intermediates.noindex/ArchiveIntermediates/NotesApp/IntermediateBuildFilesPath/NotesApp.build/Release-iphoneos/NotesApp.build/BirthInfo-project-headers.hmap -Xcc -I/Users/runner/Library/Developer/Xcode/DerivedData/NotesApp-etoxexwexniwcybabliihwhqpohf/Build/Intermediates.noindex/ArchiveIntermediates/NotesApp/BuildProductsPath/Release-iphoneos/include -Xcc -I/Users/runner/work/vyasfather/vyasfather/ThirdParty/SwissEph/include -Xcc -I/Users/runner/work/vyasfather/vyasfather/ThirdParty/SwissEph/src -Xcc -I/Users/runner/Library/Developer/Xcode/DerivedData/NotesApp-etoxexwexniwcybabliihwhqpohf/Build/Intermediates.noindex/ArchiveIntermediates/NotesApp/IntermediateBuildFilesPath/NotesApp.build/Release-iphoneos/NotesApp.build/DerivedSources-normal/arm64 -Xcc -I/Users/runner/Library/Developer/Xcode/DerivedData/NotesApp-etoxexwexniwcybabliihwhqpohf/Build/Intermediates.noindex/ArchiveIntermediates/NotesApp/IntermediateBuildFilesPath/NotesApp.build/Release-iphoneos/NotesApp.build/DerivedSources/arm64 -Xcc -I/Users/runner/Library/Developer/Xcode/DerivedData/NotesApp-etoxexwexniwcybabliihwhqpohf/Build/Intermediates.noindex/ArchiveIntermediates/NotesApp/IntermediateBuildFilesPath/NotesApp.build/Release-iphoneos/NotesApp.build/DerivedSources -emit-objc-header -emit-objc-header-path /Users/runner/Library/Developer/Xcode/DerivedData/NotesApp-etoxexwexniwcybabliihwhqpohf/Build/Intermediates.noindex/ArchiveIntermediates/NotesApp/IntermediateBuildFilesPath/NotesApp.build/Release-iphoneos/NotesApp.build/Objects-normal/arm64/BirthInfo-Swift.h -import-objc-header /Users/runner/work/vyasfather/vyasfather/NotesApp/SwissEphBridge.h -working-directory /Users/runner/work/vyasfather/vyasfather -no-emit-module-separately-wmo
build-ipa	Archive (Release, unsigned)	2025-10-22T03:32:50.5679310Z 
build-ipa	Archive (Release, unsigned)	2025-10-22T03:32:50.5679690Z SwiftDriver\ Compilation NotesApp normal arm64 com.apple.xcode.tools.swift.compiler (in target 'NotesApp' from project 'NotesApp')
build-ipa	Archive (Release, unsigned)	2025-10-22T03:32:50.5680320Z     cd /Users/runner/work/vyasfather/vyasfather
build-ipa	Archive (Release, unsigned)	2025-10-22T03:32:50.5746480Z     builtin-Swift-Compilation -- /Applications/Xcode_26.0.1.app/Contents/Developer/Toolchains/XcodeDefault.xctoolchain/usr/bin/swiftc -module-name BirthInfo -O -whole-module-optimization -enforce-exclusivity\=checked @/Users/runner/Library/Developer/Xcode/DerivedData/NotesApp-etoxexwexniwcybabliihwhqpohf/Build/Intermediates.noindex/ArchiveIntermediates/NotesApp/IntermediateBuildFilesPath/NotesApp.build/Release-iphoneos/NotesApp.build/Objects-normal/arm64/BirthInfo.SwiftFileList -enable-bare-slash-regex -enable-experimental-feature DebugDescriptionMacro -sdk /Applications/Xcode_26.0.1.app/Contents/Developer/Platforms/iPhoneOS.platform/Developer/SDKs/iPhoneOS26.0.sdk -target arm64-apple-ios17.0 -g -module-cache-path /Users/runner/Library/Developer/Xcode/DerivedData/ModuleCache.noindex -Xfrontend -serialize-debugging-options -swift-version 5 -I /Users/runner/Library/Developer/Xcode/DerivedData/NotesApp-etoxexwexniwcybabliihwhqpohf/Build/Intermediates.noindex/ArchiveIntermediates/NotesApp/BuildProductsPath/Release-iphoneos -F /Users/runner/Library/Developer/Xcode/DerivedData/NotesApp-etoxexwexniwcybabliihwhqpohf/Build/Intermediates.noindex/ArchiveIntermediates/NotesApp/BuildProductsPath/Release-iphoneos -emit-localized-strings -emit-localized-strings-path /Users/runner/Library/Developer/Xcode/DerivedData/NotesApp-etoxexwexniwcybabliihwhqpohf/Build/Intermediates.noindex/ArchiveIntermediates/NotesApp/IntermediateBuildFilesPath/NotesApp.build/Release-iphoneos/NotesApp.build/Objects-normal/arm64 -c -num-threads 3 -Xcc -ivfsstatcache -Xcc /Users/runner/Library/Developer/Xcode/DerivedData/SDKStatCaches.noindex/iphoneos26.0-23A339-3885c01c3e6b6a337905948deab2002ee897cee61435230feef45a4748fd4bcc.sdkstatcache -output-file-map /Users/runner/Library/Developer/Xcode/DerivedData/NotesApp-etoxexwexniwcybabliihwhqpohf/Build/Intermediates.noindex/ArchiveIntermediates/NotesApp/IntermediateBuildFilesPath/NotesApp.build/Release-iphoneos/NotesApp.build/Objects-normal/arm64/NotesApp-OutputFileMap.json -use-frontend-parseable-output -save-temps -no-color-diagnostics -explicit-module-build -module-cache-path /Users/runner/Library/Developer/Xcode/DerivedData/NotesApp-etoxexwexniwcybabliihwhqpohf/Build/Intermediates.noindex/ArchiveIntermediates/NotesApp/IntermediateBuildFilesPath/SwiftExplicitPrecompiledModules -clang-scanner-module-cache-path /Users/runner/Library/Developer/Xcode/DerivedData/ModuleCache.noindex -sdk-module-cache-path /Users/runner/Library/Developer/Xcode/DerivedData/ModuleCache.noindex -serialize-diagnostics -emit-dependencies -emit-module -emit-module-path /Users/runner/Library/Developer/Xcode/DerivedData/NotesApp-etoxexwexniwcybabliihwhqpohf/Build/Intermediates.noindex/ArchiveIntermediates/NotesApp/IntermediateBuildFilesPath/NotesApp.build/Release-iphoneos/NotesApp.build/Objects-normal/arm64/BirthInfo.swiftmodule -validate-clang-modules-once -clang-build-session-file /Users/runner/Library/Developer/Xcode/DerivedData/ModuleCache.noindex/Session.modulevalidation -Xcc -I/Users/runner/Library/Developer/Xcode/DerivedData/NotesApp-etoxexwexniwcybabliihwhqpohf/Build/Intermediates.noindex/ArchiveIntermediates/NotesApp/IntermediateBuildFilesPath/NotesApp.build/Release-iphoneos/NotesApp.build/swift-overrides.hmap -emit-const-values -Xfrontend -const-gather-protocols-file -Xfrontend /Users/runner/Library/Developer/Xcode/DerivedData/NotesApp-etoxexwexniwcybabliihwhqpohf/Build/Intermediates.noindex/ArchiveIntermediates/NotesApp/IntermediateBuildFilesPath/NotesApp.build/Release-iphoneos/NotesApp.build/Objects-normal/arm64/NotesApp_const_extract_protocols.json -Xcc -iquote -Xcc /Users/runner/Library/Developer/Xcode/DerivedData/NotesApp-etoxexwexniwcybabliihwhqpohf/Build/Intermediates.noindex/ArchiveIntermediates/NotesApp/IntermediateBuildFilesPath/NotesApp.build/Release-iphoneos/NotesApp.build/BirthInfo-generated-files.hmap -Xcc -I/Users/runner/Library/Developer/Xcode/DerivedData/NotesApp-etoxexwexniwcybabliihwhqpohf/Build/Intermediates.noindex/ArchiveIntermediates/NotesApp/IntermediateBuildFilesPath/NotesApp.build/Release-iphoneos/NotesApp.build/BirthInfo-own-target-headers.hmap -Xcc -I/Users/runner/Library/Developer/Xcode/DerivedData/NotesApp-etoxexwexniwcybabliihwhqpohf/Build/Intermediates.noindex/ArchiveIntermediates/NotesApp/IntermediateBuildFilesPath/NotesApp.build/Release-iphoneos/NotesApp.build/BirthInfo-all-target-headers.hmap -Xcc -iquote -Xcc /Users/runner/Library/Developer/Xcode/DerivedData/NotesApp-etoxexwexniwcybabliihwhqpohf/Build/Intermediates.noindex/ArchiveIntermediates/NotesApp/IntermediateBuildFilesPath/NotesApp.build/Release-iphoneos/NotesApp.build/BirthInfo-project-headers.hmap -Xcc -I/Users/runner/Library/Developer/Xcode/DerivedData/NotesApp-etoxexwexniwcybabliihwhqpohf/Build/Intermediates.noindex/ArchiveIntermediates/NotesApp/BuildProductsPath/Release-iphoneos/include -Xcc -I/Users/runner/work/vyasfather/vyasfather/ThirdParty/SwissEph/include -Xcc -I/Users/runner/work/vyasfather/vyasfather/ThirdParty/SwissEph/src -Xcc -I/Users/runner/Library/Developer/Xcode/DerivedData/NotesApp-etoxexwexniwcybabliihwhqpohf/Build/Intermediates.noindex/ArchiveIntermediates/NotesApp/IntermediateBuildFilesPath/NotesApp.build/Release-iphoneos/NotesApp.build/DerivedSources-normal/arm64 -Xcc -I/Users/runner/Library/Developer/Xcode/DerivedData/NotesApp-etoxexwexniwcybabliihwhqpohf/Build/Intermediates.noindex/ArchiveIntermediates/NotesApp/IntermediateBuildFilesPath/NotesApp.build/Release-iphoneos/NotesApp.build/DerivedSources/arm64 -Xcc -I/Users/runner/Library/Developer/Xcode/DerivedData/NotesApp-etoxexwexniwcybabliihwhqpohf/Build/Intermediates.noindex/ArchiveIntermediates/NotesApp/IntermediateBuildFilesPath/NotesApp.build/Release-iphoneos/NotesApp.build/DerivedSources -emit-objc-header -emit-objc-header-path /Users/runner/Library/Developer/Xcode/DerivedData/NotesApp-etoxexwexniwcybabliihwhqpohf/Build/Intermediates.noindex/ArchiveIntermediates/NotesApp/IntermediateBuildFilesPath/NotesApp.build/Release-iphoneos/NotesApp.build/Objects-normal/arm64/BirthInfo-Swift.h -import-objc-header /Users/runner/work/vyasfather/vyasfather/NotesApp/SwissEphBridge.h -working-directory /Users/runner/work/vyasfather/vyasfather -no-emit-module-separately-wmo
build-ipa	Archive (Release, unsigned)	2025-10-22T03:32:50.5785290Z 
build-ipa	Archive (Release, unsigned)	2025-10-22T03:32:50.5785930Z SwiftExplicitDependencyGeneratePcm arm64 /Users/runner/Library/Developer/Xcode/DerivedData/ModuleCache.noindex/_AvailabilityInternal-3ATYOQX7Y8FLM8A2YCZJ3XY20.pcm
build-ipa	Archive (Release, unsigned)	2025-10-22T03:32:50.5786460Z 
build-ipa	Archive (Release, unsigned)	2025-10-22T03:32:50.5786940Z SwiftExplicitDependencyGeneratePcm arm64 /Users/runner/Library/Developer/Xcode/DerivedData/ModuleCache.noindex/ptrcheck-CSG821Y62FW54DU5Q3NJ3BXXK.pcm
build-ipa	Archive (Release, unsigned)	2025-10-22T03:32:50.5787520Z 
build-ipa	Archive (Release, unsigned)	2025-10-22T03:32:50.5789500Z SwiftExplicitDependencyGeneratePcm arm64 /Users/runner/Library/Developer/Xcode/DerivedData/ModuleCache.noindex/_Builtin_stddef-BCN5UZKFGITR7ZRCKPL0XV6NH.pcm
build-ipa	Archive (Release, unsigned)	2025-10-22T03:32:50.5790120Z 
build-ipa	Archive (Release, unsigned)	2025-10-22T03:32:50.5790540Z SwiftExplicitDependencyGeneratePcm arm64 /Users/runner/Library/Developer/Xcode/DerivedData/ModuleCache.noindex/SwiftShims-729RK0AG4RLNXRNPZ5CEVPYCL.pcm
build-ipa	Archive (Release, unsigned)	2025-10-22T03:32:50.5791090Z 
build-ipa	Archive (Release, unsigned)	2025-10-22T03:32:50.5791620Z SwiftExplicitDependencyGeneratePcm arm64 /Users/runner/Library/Developer/Xcode/DerivedData/ModuleCache.noindex/_Builtin_float-DSICRM00A0IHM2RV3M1PUDXJC.pcm
build-ipa	Archive (Release, unsigned)	2025-10-22T03:32:50.5792640Z 
build-ipa	Archive (Release, unsigned)	2025-10-22T03:32:50.5793070Z SwiftExplicitDependencyGeneratePcm arm64 /Users/runner/Library/Developer/Xcode/DerivedData/ModuleCache.noindex/_Builtin_stdarg-9Y4GU7MTA8DBNH1PACULN7G8Y.pcm
build-ipa	Archive (Release, unsigned)	2025-10-22T03:32:50.5793630Z 
build-ipa	Archive (Release, unsigned)	2025-10-22T03:32:50.5794160Z SwiftExplicitDependencyGeneratePcm arm64 /Users/runner/Library/Developer/Xcode/DerivedData/ModuleCache.noindex/_SwiftConcurrencyShims-ABAP3XK4FPZ0HOQN2OA37HGW1.pcm
build-ipa	Archive (Release, unsigned)	2025-10-22T03:32:50.5797980Z 
build-ipa	Archive (Release, unsigned)	2025-10-22T03:32:50.5798440Z SwiftExplicitDependencyGeneratePcm arm64 /Users/runner/Library/Developer/Xcode/DerivedData/ModuleCache.noindex/ptrauth-DNC48MLQZWYGD5SJ5HWZM6P46.pcm
build-ipa	Archive (Release, unsigned)	2025-10-22T03:32:50.5798930Z 
build-ipa	Archive (Release, unsigned)	2025-10-22T03:32:50.5799390Z SwiftExplicitDependencyGeneratePcm arm64 /Users/runner/Library/Developer/Xcode/DerivedData/ModuleCache.noindex/DeveloperToolsSupport-HCZMCF2IFW7XDM9N7A06STUF.pcm
build-ipa	Archive (Release, unsigned)	2025-10-22T03:32:50.5800030Z 
build-ipa	Archive (Release, unsigned)	2025-10-22T03:32:50.5800490Z SwiftExplicitDependencyGeneratePcm arm64 /Users/runner/Library/Developer/Xcode/DerivedData/ModuleCache.noindex/_Builtin_stdbool-BU6A90G0BL93UCVHPFOADHETH.pcm
build-ipa	Archive (Release, unsigned)	2025-10-22T03:32:50.5801010Z 
build-ipa	Archive (Release, unsigned)	2025-10-22T03:32:50.5801580Z SwiftExplicitDependencyGeneratePcm arm64 /Users/runner/Library/Developer/Xcode/DerivedData/ModuleCache.noindex/_DarwinFoundation1-C4GMY5GJL27V67BC5GLXL6RIS.pcm
build-ipa	Archive (Release, unsigned)	2025-10-22T03:32:50.5802110Z 
build-ipa	Archive (Release, unsigned)	2025-10-22T03:32:50.5802560Z SwiftExplicitDependencyGeneratePcm arm64 /Users/runner/Library/Developer/Xcode/DerivedData/ModuleCache.noindex/_Builtin_limits-586IO2Q4GEPFTFV4IRQ5FNWRR.pcm
build-ipa	Archive (Release, unsigned)	2025-10-22T03:32:50.5803150Z 
build-ipa	Archive (Release, unsigned)	2025-10-22T03:32:50.5803640Z SwiftExplicitDependencyGeneratePcm arm64 /Users/runner/Library/Developer/Xcode/DerivedData/ModuleCache.noindex/_DarwinFoundation2-6ADNO32KZEHEK53UWCW60DAFQ.pcm
build-ipa	Archive (Release, unsigned)	2025-10-22T03:32:50.5805110Z 
build-ipa	Archive (Release, unsigned)	2025-10-22T03:32:50.5805540Z SwiftExplicitDependencyGeneratePcm arm64 /Users/runner/Library/Developer/Xcode/DerivedData/ModuleCache.noindex/_Builtin_stdint-379KIWUSTSQGLC7FGPEAQ6AS7.pcm
build-ipa	Archive (Release, unsigned)	2025-10-22T03:32:50.5806870Z 
build-ipa	Archive (Release, unsigned)	2025-10-22T03:32:50.5807410Z SwiftExplicitDependencyGeneratePcm arm64 /Users/runner/Library/Developer/Xcode/DerivedData/ModuleCache.noindex/sys_types-5HXOG0DU2OYW3S1Q29RL7PL63.pcm
build-ipa	Archive (Release, unsigned)	2025-10-22T03:32:50.5807910Z 
build-ipa	Archive (Release, unsigned)	2025-10-22T03:32:50.5808330Z SwiftExplicitDependencyGeneratePcm arm64 /Users/runner/Library/Developer/Xcode/DerivedData/ModuleCache.noindex/_Builtin_tgmath-3ZF2NMDBDQQN37E1XMTYNAQ0Y.pcm
build-ipa	Archive (Release, unsigned)	2025-10-22T03:32:50.5808880Z 
build-ipa	Archive (Release, unsigned)	2025-10-22T03:32:50.5809390Z SwiftExplicitDependencyGeneratePcm arm64 /Users/runner/Library/Developer/Xcode/DerivedData/ModuleCache.noindex/_Builtin_stdatomic-DGHOMB92ZJDMG52O1936F23SA.pcm
build-ipa	Archive (Release, unsigned)	2025-10-22T03:32:50.5810090Z 
build-ipa	Archive (Release, unsigned)	2025-10-22T03:32:50.5810630Z SwiftExplicitDependencyGeneratePcm arm64 /Users/runner/Library/Developer/Xcode/DerivedData/ModuleCache.noindex/_DarwinFoundation3-JD4MMCU08CNDI8D8QFYVZDC3.pcm
build-ipa	Archive (Release, unsigned)	2025-10-22T03:32:50.5811260Z 
build-ipa	Archive (Release, unsigned)	2025-10-22T03:32:50.5811770Z SwiftExplicitDependencyGeneratePcm arm64 /Users/runner/Library/Developer/Xcode/DerivedData/ModuleCache.noindex/_Builtin_intrinsics-30WBM5K2R1MC2I220BS6KD47Z.pcm
build-ipa	Archive (Release, unsigned)	2025-10-22T03:32:50.5812370Z 
build-ipa	Archive (Release, unsigned)	2025-10-22T03:32:50.5812790Z SwiftExplicitDependencyGeneratePcm arm64 /Users/runner/Library/Developer/Xcode/DerivedData/ModuleCache.noindex/_Builtin_inttypes-62UOWMKMLEV9XBHM5G186VZAH.pcm
build-ipa	Archive (Release, unsigned)	2025-10-22T03:32:50.5813350Z 
build-ipa	Archive (Release, unsigned)	2025-10-22T03:32:50.5813800Z SwiftExplicitDependencyGeneratePcm arm64 /Users/runner/Library/Developer/Xcode/DerivedData/ModuleCache.noindex/Darwin-U8PUF732SX13N33G09IAAQOS.pcm
build-ipa	Archive (Release, unsigned)	2025-10-22T03:32:50.5814330Z 
build-ipa	Archive (Release, unsigned)	2025-10-22T03:32:50.5814720Z SwiftExplicitDependencyGeneratePcm arm64 /Users/runner/Library/Developer/Xcode/DerivedData/ModuleCache.noindex/simd-3O670MLI2MMW0ZLUGJAAWYUR2.pcm
build-ipa	Archive (Release, unsigned)	2025-10-22T03:32:50.5815310Z 
build-ipa	Archive (Release, unsigned)	2025-10-22T03:32:50.5815760Z SwiftExplicitDependencyGeneratePcm arm64 /Users/runner/Library/Developer/Xcode/DerivedData/ModuleCache.noindex/ObjectiveC-8V2PWUULKPXWRBDXNE2BKE1BJ.pcm
build-ipa	Archive (Release, unsigned)	2025-10-22T03:32:50.5816320Z 
build-ipa	Archive (Release, unsigned)	2025-10-22T03:32:50.5816780Z SwiftExplicitDependencyGeneratePcm arm64 /Users/runner/Library/Developer/Xcode/DerivedData/ModuleCache.noindex/MachO-CVHLH2GYTOEPOLMSLEVV61F1X.pcm
build-ipa	Archive (Release, unsigned)	2025-10-22T03:32:50.5817570Z 
build-ipa	Archive (Release, unsigned)	2025-10-22T03:32:50.5817980Z SwiftExplicitDependencyGeneratePcm arm64 /Users/runner/Library/Developer/Xcode/DerivedData/ModuleCache.noindex/os_object-AUJ0U64R0QIXXA4LPBV6Y91FB.pcm
build-ipa	Archive (Release, unsigned)	2025-10-22T03:32:50.5818550Z 
build-ipa	Archive (Release, unsigned)	2025-10-22T03:32:50.5818970Z SwiftExplicitDependencyGeneratePcm arm64 /Users/runner/Library/Developer/Xcode/DerivedData/ModuleCache.noindex/os_workgroup-COJ7YOPUPZLAQNEZAX23Y4ZE4.pcm
build-ipa	Archive (Release, unsigned)	2025-10-22T03:32:50.5819460Z 
build-ipa	Archive (Release, unsigned)	2025-10-22T03:32:50.5819860Z SwiftExplicitDependencyGeneratePcm arm64 /Users/runner/Library/Developer/Xcode/DerivedData/ModuleCache.noindex/Dispatch-7KNT5O4HDUREECLDI0GL3OEQ6.pcm
build-ipa	Archive (Release, unsigned)	2025-10-22T03:32:50.5820330Z 
build-ipa	Archive (Release, unsigned)	2025-10-22T03:32:50.5820710Z SwiftExplicitDependencyGeneratePcm arm64 /Users/runner/Library/Developer/Xcode/DerivedData/ModuleCache.noindex/XPC-D51TOL6KMG2RGCWCH2BXI93P.pcm
build-ipa	Archive (Release, unsigned)	2025-10-22T03:32:50.5821170Z 
build-ipa	Archive (Release, unsigned)	2025-10-22T03:32:50.5821590Z SwiftExplicitDependencyGeneratePcm arm64 /Users/runner/Library/Developer/Xcode/DerivedData/ModuleCache.noindex/CoreFoundation-2L4O5SIVVNW7M5P87T1XF5OYI.pcm
build-ipa	Archive (Release, unsigned)	2025-10-22T03:32:50.5822090Z 
build-ipa	Archive (Release, unsigned)	2025-10-22T03:32:50.5822580Z SwiftExplicitDependencyGeneratePcm arm64 /Users/runner/Library/Developer/Xcode/DerivedData/ModuleCache.noindex/os-EWI5QL6OJBTUQZKNMKOMU4GWF.pcm
build-ipa	Archive (Release, unsigned)	2025-10-22T03:32:50.5823140Z 
build-ipa	Archive (Release, unsigned)	2025-10-22T03:32:50.5823650Z SwiftExplicitDependencyGeneratePcm arm64 /Users/runner/Library/Developer/Xcode/DerivedData/ModuleCache.noindex/Security-9VFL9IB8YO33PBBJHPU1YBEVE.pcm
build-ipa	Archive (Release, unsigned)	2025-10-22T03:32:50.5824140Z 
build-ipa	Archive (Release, unsigned)	2025-10-22T03:32:50.5825350Z SwiftExplicitDependencyGeneratePcm arm64 /Users/runner/Library/Developer/Xcode/DerivedData/ModuleCache.noindex/CFNetwork-DTTIM1ZKDYDUINM30JGIYEV8X.pcm
build-ipa	Archive (Release, unsigned)	2025-10-22T03:32:50.5825940Z 
build-ipa	Archive (Release, unsigned)	2025-10-22T03:32:50.5826430Z SwiftExplicitDependencyGeneratePcm arm64 /Users/runner/Library/Developer/Xcode/DerivedData/ModuleCache.noindex/Spatial-2K78JFZ044PP6X7943F0JL00H.pcm
build-ipa	Archive (Release, unsigned)	2025-10-22T03:32:50.5826890Z 
build-ipa	Archive (Release, unsigned)	2025-10-22T03:32:50.5827650Z SwiftExplicitDependencyGeneratePcm arm64 /Users/runner/Library/Developer/Xcode/DerivedData/ModuleCache.noindex/CoreGraphics-9TSHA2JH95RH8D9QYN7DFV8QT.pcm
build-ipa	Archive (Release, unsigned)	2025-10-22T03:32:50.5828150Z 
build-ipa	Archive (Release, unsigned)	2025-10-22T03:32:50.5828570Z SwiftExplicitDependencyGeneratePcm arm64 /Users/runner/Library/Developer/Xcode/DerivedData/ModuleCache.noindex/Foundation-A95BH4TQXZVOJUCJN0DIP56BB.pcm
build-ipa	Archive (Release, unsigned)	2025-10-22T03:32:50.5829120Z 
build-ipa	Archive (Release, unsigned)	2025-10-22T03:32:50.5829630Z SwiftExplicitDependencyGeneratePcm arm64 /Users/runner/Library/Developer/Xcode/DerivedData/ModuleCache.noindex/CoreText-A9M3SPGAPV3SY7YHHIO5JWX8H.pcm
build-ipa	Archive (Release, unsigned)	2025-10-22T03:32:50.5830170Z 
build-ipa	Archive (Release, unsigned)	2025-10-22T03:32:50.5830560Z SwiftExplicitDependencyGeneratePcm arm64 /Users/runner/Library/Developer/Xcode/DerivedData/ModuleCache.noindex/ImageIO-AIXE908AL0IQ02V7C59YWKYOV.pcm
build-ipa	Archive (Release, unsigned)	2025-10-22T03:32:50.5831020Z 
build-ipa	Archive (Release, unsigned)	2025-10-22T03:32:50.5831580Z SwiftExplicitDependencyGeneratePcm arm64 /Users/runner/Library/Developer/Xcode/DerivedData/ModuleCache.noindex/IOSurface-9YMPTTCBKQ8SN5R8D0K704TC1.pcm
build-ipa	Archive (Release, unsigned)	2025-10-22T03:32:50.5832720Z 
build-ipa	Archive (Release, unsigned)	2025-10-22T03:32:50.5833160Z SwiftExplicitDependencyGeneratePcm arm64 /Users/runner/Library/Developer/Xcode/DerivedData/ModuleCache.noindex/DataDetection-65QR7EQGZM8NPFAZ5CC20MEJF.pcm
build-ipa	Archive (Release, unsigned)	2025-10-22T03:32:50.5833650Z 
build-ipa	Archive (Release, unsigned)	2025-10-22T03:32:50.5834170Z SwiftExplicitDependencyGeneratePcm arm64 /Users/runner/Library/Developer/Xcode/DerivedData/ModuleCache.noindex/Accessibility-72H5DGDZJSCOB9T48PC4RWGUR.pcm
build-ipa	Archive (Release, unsigned)	2025-10-22T03:32:50.5841840Z 
build-ipa	Archive (Release, unsigned)	2025-10-22T03:32:50.5843210Z SwiftExplicitDependencyGeneratePcm arm64 /Users/runner/Library/Developer/Xcode/DerivedData/ModuleCache.noindex/UserNotifications-1Y7EX84IYVX9YSZQANX8V93XQ.pcm
build-ipa	Archive (Release, unsigned)	2025-10-22T03:32:50.5844930Z 
build-ipa	Archive (Release, unsigned)	2025-10-22T03:32:50.5845880Z SwiftExplicitDependencyGeneratePcm arm64 /Users/runner/Library/Developer/Xcode/DerivedData/ModuleCache.noindex/OpenGLES-F2KFK56NZQ65D0H35CC08GL13.pcm
build-ipa	Archive (Release, unsigned)	2025-10-22T03:32:50.5846470Z 
build-ipa	Archive (Release, unsigned)	2025-10-22T03:32:50.5846880Z SwiftExplicitDependencyGeneratePcm arm64 /Users/runner/Library/Developer/Xcode/DerivedData/ModuleCache.noindex/Symbols-2FZB5AB69AFXFHU8B3M56Y7NB.pcm
build-ipa	Archive (Release, unsigned)	2025-10-22T03:32:50.5847700Z 
build-ipa	Archive (Release, unsigned)	2025-10-22T03:32:50.5848320Z SwiftExplicitDependencyGeneratePcm arm64 /Users/runner/Library/Developer/Xcode/DerivedData/ModuleCache.noindex/CoreTransferable-3IYPRRPKICF90NP07RDAUBV67.pcm
build-ipa	Archive (Release, unsigned)	2025-10-22T03:32:50.5848940Z 
build-ipa	Archive (Release, unsigned)	2025-10-22T03:32:50.5849500Z SwiftExplicitDependencyGeneratePcm arm64 /Users/runner/Library/Developer/Xcode/DerivedData/ModuleCache.noindex/UniformTypeIdentifiers-47LXFV6O1V36Q1912GEWOLFNA.pcm
build-ipa	Archive (Release, unsigned)	2025-10-22T03:32:50.5850230Z 
build-ipa	Archive (Release, unsigned)	2025-10-22T03:32:50.5850810Z SwiftExplicitDependencyGeneratePcm arm64 /Users/runner/Library/Developer/Xcode/DerivedData/ModuleCache.noindex/_LocationEssentials-BX5FDMLC71RV864D7B2EDGDAK.pcm
build-ipa	Archive (Release, unsigned)	2025-10-22T03:32:50.5851400Z 
build-ipa	Archive (Release, unsigned)	2025-10-22T03:32:50.5851980Z SwiftExplicitDependencyGeneratePcm arm64 /Users/runner/Library/Developer/Xcode/DerivedData/ModuleCache.noindex/Metal-96BFSLK4OEZGZLY7WGCHZW1CS.pcm
build-ipa	Archive (Release, unsigned)	2025-10-22T03:32:50.5852940Z 
build-ipa	Archive (Release, unsigned)	2025-10-22T03:32:50.5853540Z SwiftExplicitDependencyGeneratePcm arm64 /Users/runner/Library/Developer/Xcode/DerivedData/ModuleCache.noindex/UIUtilities-DTLAW841QZLFVKVXH2ED11ZC0.pcm
build-ipa	Archive (Release, unsigned)	2025-10-22T03:32:50.5854110Z 
build-ipa	Archive (Release, unsigned)	2025-10-22T03:32:50.5854590Z SwiftExplicitDependencyGeneratePcm arm64 /Users/runner/Library/Developer/Xcode/DerivedData/ModuleCache.noindex/CoreLocation-56QQ42TIKVS6XJSGE8UUERSX1.pcm
build-ipa	Archive (Release, unsigned)	2025-10-22T03:32:50.5855190Z 
build-ipa	Archive (Release, unsigned)	2025-10-22T03:32:50.5855610Z SwiftExplicitDependencyGeneratePcm arm64 /Users/runner/Library/Developer/Xcode/DerivedData/ModuleCache.noindex/FileProvider-EWJIZAIZUERRXMTQ3TTYW7EPT.pcm
build-ipa	Archive (Release, unsigned)	2025-10-22T03:32:50.5856280Z 
build-ipa	Archive (Release, unsigned)	2025-10-22T03:32:50.5856730Z SwiftExplicitDependencyGeneratePcm arm64 /Users/runner/Library/Developer/Xcode/DerivedData/ModuleCache.noindex/OSLog-9PO079U4T1G1LP8S2YPUJWBZA.pcm
build-ipa	Archive (Release, unsigned)	2025-10-22T03:32:50.5857230Z 
build-ipa	Archive (Release, unsigned)	2025-10-22T03:32:50.5857640Z SwiftExplicitDependencyGeneratePcm arm64 /Users/runner/Library/Developer/Xcode/DerivedData/ModuleCache.noindex/CoreVideo-4RQLPJW95GAI8M6EXQ0MYJLW7.pcm
build-ipa	Archive (Release, unsigned)	2025-10-22T03:32:50.5859130Z 
build-ipa	Archive (Release, unsigned)	2025-10-22T03:32:50.5860740Z SwiftExplicitDependencyGeneratePcm arm64 /Users/runner/Library/Developer/Xcode/DerivedData/ModuleCache.noindex/CoreData-4R5CXE55DPVEZ08F2ZM56N0HE.pcm
build-ipa	Archive (Release, unsigned)	2025-10-22T03:32:50.5863620Z 
build-ipa	Archive (Release, unsigned)	2025-10-22T03:32:50.5864960Z SwiftExplicitDependencyGeneratePcm arm64 /Users/runner/Library/Developer/Xcode/DerivedData/ModuleCache.noindex/QuartzCore-5MBENFANP60MA955OZ6721AZV.pcm
build-ipa	Archive (Release, unsigned)	2025-10-22T03:32:50.5866490Z 
build-ipa	Archive (Release, unsigned)	2025-10-22T03:32:50.5866980Z SwiftExplicitDependencyGeneratePcm arm64 /Users/runner/Library/Developer/Xcode/DerivedData/ModuleCache.noindex/CoreImage-CI97WNAUXMED66ZKD7WAAHR6U.pcm
build-ipa	Archive (Release, unsigned)	2025-10-22T03:32:50.5867510Z 
build-ipa	Archive (Release, unsigned)	2025-10-22T03:32:50.5867920Z SwiftExplicitDependencyGeneratePcm arm64 /Users/runner/Library/Developer/Xcode/DerivedData/ModuleCache.noindex/SwiftUICore-3STSSDJJHXV1GLC66UKOTQU87.pcm
build-ipa	Archive (Release, unsigned)	2025-10-22T03:32:50.5868400Z 
build-ipa	Archive (Release, unsigned)	2025-10-22T03:32:50.5868840Z SwiftExplicitDependencyGeneratePcm arm64 /Users/runner/Library/Developer/Xcode/DerivedData/ModuleCache.noindex/UIKit-DB427KMNGOPCV878UTWFYYT01.pcm
build-ipa	Archive (Release, unsigned)	2025-10-22T03:32:50.5869780Z 
build-ipa	Archive (Release, unsigned)	2025-10-22T03:32:50.5871070Z SwiftExplicitDependencyGeneratePcm arm64 /Users/runner/Library/Developer/Xcode/DerivedData/ModuleCache.noindex/SwiftUI-CVPINHMD2655GQUYRFVEN7P12.pcm
build-ipa	Archive (Release, unsigned)	2025-10-22T03:32:50.5872550Z 
build-ipa	Archive (Release, unsigned)	2025-10-22T03:32:50.5873830Z SwiftExplicitDependencyGeneratePcm arm64 /Users/runner/Library/Developer/Xcode/DerivedData/ModuleCache.noindex/MapKit-CUYIKR7RTMHNAHZX47LXNDLD2.pcm
build-ipa	Archive (Release, unsigned)	2025-10-22T03:32:50.5875190Z 
build-ipa	Archive (Release, unsigned)	2025-10-22T03:32:50.5875890Z SwiftGeneratePch normal arm64 Compiling\ bridging\ header (in target 'NotesApp' from project 'NotesApp')
build-ipa	Archive (Release, unsigned)	2025-10-22T03:32:50.5876730Z 
build-ipa	Archive (Release, unsigned)	2025-10-22T03:32:50.5877590Z SwiftDriverJobDiscovery normal arm64 Compiling bridging header (in target 'NotesApp' from project 'NotesApp')
build-ipa	Archive (Release, unsigned)	2025-10-22T03:32:50.5878020Z 
build-ipa	Archive (Release, unsigned)	2025-10-22T03:32:50.5951110Z SwiftCompile normal arm64 Compiling\ PersistenceController.swift,\ ContentView.swift,\ NotesListView.swift,\ NoteDetailView.swift,\ NotesAppApp.swift,\ TodayView.swift,\ HistoryView.swift,\ SettingsView.swift,\ HydrationHelpers.swift,\ NotificationManager.swift,\ Theme.swift,\ Toast.swift,\ CelebrationOverlay.swift,\ ScreenshotMode.swift,\ LocationSearchManager.swift,\ PlanetaryCalculator.swift,\ DiagnosticsView.swift,\ VimshottariDashaCalculator.swift,\ DashaView.swift,\ DashaTabView.swift,\ UIStyles.swift,\ YogiCalculator.swift,\ YogiView.swift,\ YogiTabView.swift,\ DrekkanaUtils.swift,\ UttamaTabView.swift,\ JaiminiKarakas.swift,\ JaiminiArudha.swift,\ JaiminiTabView.swift,\ PanchangaCalc.swift,\ PanchangaTabView.swift,\ IshtaDevataCalc.swift,\ IshtaDevataTabView.swift,\ VargaCalculatorIOS.swift,\ NavamshaLordsTabView.swift,\ SunriseCalcIOS.swift,\ SpecialLagnasCalc.swift,\ LagnasTabView.swift,\ SixtyFourTwentyTwoCalc.swift,\ SixtyFourTwentyTwoTabView.swift,\ VedicChartView.swift,\ HydrationEntry+CoreDataClass.swift,\ HydrationEntry+CoreDataProperties.swift,\ UserSettings+CoreDataClass.swift,\ UserSettings+CoreDataProperties.swift,\ NotesModel+CoreDataModel.swift,\ GeneratedAssetSymbols.swift /Users/runner/work/vyasfather/vyasfather/NotesApp/PersistenceController.swift /Users/runner/work/vyasfather/vyasfather/NotesApp/ContentView.swift /Users/runner/work/vyasfather/vyasfather/NotesApp/NotesListView.swift /Users/runner/work/vyasfather/vyasfather/NotesApp/NoteDetailView.swift /Users/runner/work/vyasfather/vyasfather/NotesApp/NotesAppApp.swift /Users/runner/work/vyasfather/vyasfather/NotesApp/TodayView.swift /Users/runner/work/vyasfather/vyasfather/NotesApp/HistoryView.swift /Users/runner/work/vyasfather/vyasfather/NotesApp/SettingsView.swift /Users/runner/work/vyasfather/vyasfather/NotesApp/HydrationHelpers.swift /Users/runner/work/vyasfather/vyasfather/NotesApp/NotificationManager.swift /Users/runner/work/vyasfather/vyasfather/NotesApp/Theme.swift /Users/runner/work/vyasfather/vyasfather/NotesApp/Toast.swift /Users/runner/work/vyasfather/vyasfather/NotesApp/CelebrationOverlay.swift /Users/runner/work/vyasfather/vyasfather/NotesApp/ScreenshotMode.swift /Users/runner/work/vyasfather/vyasfather/NotesApp/LocationSearchManager.swift /Users/runner/work/vyasfather/vyasfather/NotesApp/PlanetaryCalculator.swift /Users/runner/work/vyasfather/vyasfather/NotesApp/DiagnosticsView.swift /Users/runner/work/vyasfather/vyasfather/NotesApp/VimshottariDashaCalculator.swift /Users/runner/work/vyasfather/vyasfather/NotesApp/DashaView.swift /Users/runner/work/vyasfather/vyasfather/NotesApp/DashaTabView.swift /Users/runner/work/vyasfather/vyasfather/NotesApp/UIStyles.swift /Users/runner/work/vyasfather/vyasfather/NotesApp/YogiCalculator.swift /Users/runner/work/vyasfather/vyasfather/NotesApp/YogiView.swift /Users/runner/work/vyasfather/vyasfather/NotesApp/YogiTabView.swift /Users/runner/work/vyasfather/vyasfather/NotesApp/DrekkanaUtils.swift /Users/runner/work/vyasfather/vyasfather/NotesApp/UttamaTabView.swift /Users/runner/work/vyasfather/vyasfather/NotesApp/JaiminiKarakas.swift /Users/runner/work/vyasfather/vyasfather/NotesApp/JaiminiArudha.swift /Users/runner/work/vyasfather/vyasfather/NotesApp/JaiminiTabView.swift /Users/runner/work/vyasfather/vyasfather/NotesApp/PanchangaCalc.swift /Users/runner/work/vyasfather/vyasfather/NotesApp/PanchangaTabView.swift /Users/runner/work/vyasfather/vyasfather/NotesApp/IshtaDevataCalc.swift /Users/runner/work/vyasfather/vyasfather/NotesApp/IshtaDevataTabView.swift /Users/runner/work/vyasfather/vyasfather/NotesApp/VargaCalculatorIOS.swift /Users/runner/work/vyasfather/vyasfather/NotesApp/NavamshaLordsTabView.swift /Users/runner/work/vyasfather/vyasfather/NotesApp/SunriseCalcIOS.swift /Users/runner/work/vyasfather/vyasfather/NotesApp/SpecialLagnasCalc.swift /Users/runner/work/vyasfather/vyasfather/NotesApp/LagnasTabView.swift /Users/runner/work/vyasfather/vyasfather/NotesApp/SixtyFourTwentyTwoCalc.swift /Users/runner/work/vyasfather/vyasfather/NotesApp/SixtyFourTwentyTwoTabView.swift /Users/runner/work/vyasfather/vyasfather/NotesApp/VedicChartView.swift /Users/runner/Library/Developer/Xcode/DerivedData/NotesApp-etoxexwexniwcybabliihwhqpohf/Build/Intermediates.noindex/ArchiveIntermediates/NotesApp/IntermediateBuildFilesPath/NotesApp.build/Release-iphoneos/NotesApp.build/DerivedSources/CoreDataGenerated/NotesModel/HydrationEntry+CoreDataClass.swift /Users/runner/Library/Developer/Xcode/DerivedData/NotesApp-etoxexwexniwcybabliihwhqpohf/Build/Intermediates.noindex/ArchiveIntermediates/NotesApp/IntermediateBuildFilesPath/NotesApp.build/Release-iphoneos/NotesApp.build/DerivedSources/CoreDataGenerated/NotesModel/HydrationEntry+CoreDataProperties.swift /Users/runner/Library/Developer/Xcode/DerivedData/NotesApp-etoxexwexniwcybabliihwhqpohf/Build/Intermediates.noindex/ArchiveIntermediates/NotesApp/IntermediateBuildFilesPath/NotesApp.build/Release-iphoneos/NotesApp.build/DerivedSources/CoreDataGenerated/NotesModel/UserSettings+CoreDataClass.swift /Users/runner/Library/Developer/Xcode/DerivedData/NotesApp-etoxexwexniwcybabliihwhqpohf/Build/Intermediates.noindex/ArchiveIntermediates/NotesApp/IntermediateBuildFilesPath/NotesApp.build/Release-iphoneos/NotesApp.build/DerivedSources/CoreDataGenerated/NotesModel/UserSettings+CoreDataProperties.swift /Users/runner/Library/Developer/Xcode/DerivedData/NotesApp-etoxexwexniwcybabliihwhqpohf/Build/Intermediates.noindex/ArchiveIntermediates/NotesApp/IntermediateBuildFilesPath/NotesApp.build/Release-iphoneos/NotesApp.build/DerivedSources/CoreDataGenerated/NotesModel/NotesModel+CoreDataModel.swift /Users/runner/Library/Developer/Xcode/DerivedData/NotesApp-etoxexwexniwcybabliihwhqpohf/Build/Intermediates.noindex/ArchiveIntermediates/NotesApp/IntermediateBuildFilesPath/NotesApp.build/Release-iphoneos/NotesApp.build/DerivedSources/GeneratedAssetSymbols.swift /Applications/Xcode_26.0.1.app/Contents/Developer/Toolchains/XcodeDefault.xctoolchain/usr/lib/swift/iphoneos/prebuilt-modules/26.0/_DarwinFoundation3.swiftmodule/arm64e-apple-ios.swiftmodule /Applications/Xcode_26.0.1.app/Contents/Developer/Toolchains/XcodeDefault.xctoolchain/usr/lib/swift/iphoneos/prebuilt-modules/26.0/_StringProcessing.swiftmodule/arm64e-apple-ios.swiftmodule /Applications/Xcode_26.0.1.app/Contents/Developer/Toolchains/XcodeDefault.xctoolchain/usr/lib/swift/iphoneos/prebuilt-modules/26.0/System.swiftmodule/arm64e-apple-ios.swiftmodule /Applications/Xcode_26.0.1.app/Contents/Developer/Toolchains/XcodeDefault.xctoolchain/usr/lib/swift/iphoneos/prebuilt-modules/26.0/CoreTransferable.swiftmodule/arm64e-apple-ios.swiftmodule /Applications/Xcode_26.0.1.app/Contents/Developer/Toolchains/XcodeDefault.xctoolchain/usr/lib/swift/iphoneos/prebuilt-modules/26.0/CoreFoundation.swiftmodule/arm64e-apple-ios.swiftmodule /Applications/Xcode_26.0.1.app/Contents/Developer/Toolchains/XcodeDefault.xctoolchain/usr/lib/swift/iphoneos/prebuilt-modules/26.0/_DarwinFoundation1.swiftmodule/arm64e-apple-ios.swiftmodule /Applications/Xcode_26.0.1.app/Contents/Developer/Toolchains/XcodeDefault.xctoolchain/usr/lib/swift/iphoneos/prebuilt-modules/26.0/Swift.swiftmodule/arm64e-apple-ios.swiftmodule /Applications/Xcode_26.0.1.app/Contents/Developer/Toolchains/XcodeDefault.xctoolchain/usr/lib/swift/iphoneos/prebuilt-modules/26.0/QuartzCore.swiftmodule/arm64e-apple-ios.swiftmodule /Applications/Xcode_26.0.1.app/Contents/Developer/Toolchains/XcodeDefault.xctoolchain/usr/lib/swift/iphoneos/prebuilt-modules/26.0/Observation.swiftmodule/arm64e-apple-ios.swiftmodule /Applications/Xcode_26.0.1.app/Contents/Developer/Toolchains/XcodeDefault.xctoolchain/usr/lib/swift/iphoneos/prebuilt-modules/26.0/Darwin.swiftmodule/arm64e-apple-ios.swiftmodule /Applications/Xcode_26.0.1.app/Contents/Developer/Toolchains/XcodeDefault.xctoolchain/usr/lib/swift/iphoneos/prebuilt-modules/26.0/Metal.swiftmodule/arm64e-apple-ios.swiftmodule /Applications/Xcode_26.0.1.app/Contents/Developer/Toolchains/XcodeDefault.xctoolchain/usr/lib/swift/iphoneos/prebuilt-modules/26.0/SwiftUI.swiftmodule/arm64e-apple-ios.swiftmodule /Applications/Xcode_26.0.1.app/Contents/Developer/Toolchains/XcodeDefault.xctoolchain/usr/lib/swift/iphoneos/prebuilt-modules/26.0/CoreLocation.swiftmodule/arm64e-apple-ios.swiftmodule /Applications/Xcode_26.0.1.app/Contents/Developer/Toolchains/XcodeDefault.xctoolchain/usr/lib/swift/iphoneos/prebuilt-modules/26.0/XPC.swiftmodule/arm64e-apple-ios.swiftmodule /Applications/Xcode_26.0.1.app/Contents/Developer/Toolchains/XcodeDefault.xctoolchain/usr/lib/swift/iphoneos/prebuilt-modules/26.0/Foundation.swiftmodule/arm64e-apple-ios.swiftmodule /Applications/Xcode_26.0.1.app/Contents/Developer/Toolchains/XcodeDefault.xctoolchain/usr/lib/swift/iphoneos/prebuilt-modules/26.0/_DarwinFoundation2.swiftmodule/arm64e-apple-ios.swiftmodule /Applications/Xcode_26.0.1.app/Contents/Developer/Toolchains/XcodeDefault.xctoolchain/usr/lib/swift/iphoneos/prebuilt-modules/26.0/Spatial.swiftmodule/arm64e-apple-ios.swiftmodule /Applications/Xcode_26.0.1.app/Contents/Developer/Toolchains/XcodeDefault.xctoolchain/usr/lib/swift/iphoneos/prebuilt-modules/26.0/SwiftUICore.swiftmodule/arm64e-apple-ios.swiftmodule /Applications/Xcode_26.0.1.app/Contents/Developer/Toolchains/XcodeDefault.xctoolchain/usr/lib/swift/iphoneos/prebuilt-modules/26.0/simd.swiftmodule/arm64e-apple-ios.swiftmodule /Applications/Xcode_26.0.1.app/Contents/Developer/Toolchains/XcodeDefault.xctoolchain/usr/lib/swift/iphoneos/prebuilt-modules/26.0/Accessibility.swiftmodule/arm64e-apple-ios.swiftmodule /Applications/Xcode_26.0.1.app/Contents/Developer/Toolchains/XcodeDefault.xctoolchain/usr/lib/swift/iphoneos/prebuilt-modules/26.0/CoreText.swiftmodule/arm64e-apple-ios.swiftmodule /Applications/Xcode_26.0.1.app/Contents/Developer/Toolchains/XcodeDefault.xctoolchain/usr/lib/swift/iphoneos/prebuilt-modules/26.0/OSLog.swiftmodule/arm64e-apple-ios.swiftmodule /Applications/Xcode_26.0.1.app/Contents/Developer/Toolchains/XcodeDefault.xctoolchain/usr/lib/swift/iphoneos/prebuilt-modules/26.0/os.swiftmodule/arm64e-apple-ios.swiftmodule /Applications/Xcode_26.0.1.app/Contents/Developer/Toolchains/XcodeDefault.xctoolchain/usr/lib/swift/iphoneos/prebuilt-modules/26.0/ObjectiveC.swiftmodule/arm64e-apple-ios.swiftmodule /Applications/Xcode_26.0.1.app/Contents/Developer/Toolchains/XcodeDefault.xctoolchain/usr/lib/swift/iphoneos/prebuilt-modules/26.0/UniformTypeIdentifiers.swiftmodule/arm64e-apple-ios.swiftmodule /Applications/Xcode_26.0.1.app/Contents/Developer/Toolchains/XcodeDefault.xctoolchain/usr/lib/swift/iphoneos/prebuilt-modules/26.0/DeveloperToolsSupport.swiftmodule/arm64e-apple-ios.swiftmodule /Applications/Xcode_26.0.1.app/Contents/Developer/Toolchains/XcodeDefault.xctoolchain/usr/lib/swift/iphoneos/prebuilt-modules/26.0/Combine.swiftmodule/arm64e-apple-ios.swiftmodule /Applications/Xcode_26.0.1.app/Contents/Developer/Toolchains/XcodeDefault.xctoolchain/usr/lib/swift/iphoneos/prebuilt-modules/26.0/MapKit.swiftmodule/arm64e-apple-ios.swiftmodule /Applications/Xcode_26.0.1.app/Contents/Developer/Toolchains/XcodeDefault.xctoolchain/usr/lib/swift/iphoneos/prebuilt-modules/26.0/DataDetection.swiftmodule/arm64e-apple-ios.swiftmodule /Applications/Xcode_26.0.1.app/Contents/Developer/Toolchains/XcodeDefault.xctoolchain/usr/lib/swift/iphoneos/prebuilt-modules/26.0/Symbols.swiftmodule/arm64e-apple-ios.swiftmodule /Applications/Xcode_26.0.1.app/Contents/Developer/Toolchains/XcodeDefault.xctoolchain/usr/lib/swift/iphoneos/prebuilt-modules/26.0/_Builtin_float.swiftmodule/arm64e-apple-ios.swiftmodule /Applications/Xcode_26.0.1.app/Contents/Developer/Toolchains/XcodeDefault.xctoolchain/usr/lib/swift/iphoneos/prebuilt-modules/26.0/Dispatch.swiftmodule/arm64e-apple-ios.swiftmodule /Applications/Xcode_26.0.1.app/Contents/Developer/Toolchains/XcodeDefault.xctoolchain/usr/lib/swift/iphoneos/prebuilt-modules/26.0/FileProvider.swiftmodule/arm64e-apple-ios.swiftmodule /Applications/Xcode_26.0.1.app/Contents/Developer/Toolchains/XcodeDefault.xctoolchain/usr/lib/swift/iphoneos/prebuilt-modules/26.0/GeoToolbox.swiftmodule/arm64e-apple-ios.swiftmodule /Applications/Xcode_26.0.1.app/Contents/Developer/Toolchains/XcodeDefault.xctoolchain/usr/lib/swift/iphoneos/prebuilt-modules/26.0/CoreImage.swiftmodule/arm64e-apple-ios.swiftmodule /Applications/Xcode_26.0.1.app/Contents/Developer/Toolchains/XcodeDefault.xctoolchain/usr/lib/swift/iphoneos/prebuilt-modules/26.0/_MapKit_SwiftUI.swiftmodule/arm64e-apple-ios.swiftmodule /Applications/Xcode_26.0.1.app/Contents/Developer/Toolchains/XcodeDefault.xctoolchain/usr/lib/swift/iphoneos/prebuilt-modules/26.0/_Concurrency.swiftmodule/arm64e-apple-ios.swiftmodule /Applications/Xcode_26.0.1.app/Contents/Developer/Toolchains/XcodeDefault.xctoolchain/usr/lib/swift/iphoneos/prebuilt-modules/26.0/CoreGraphics.swiftmodule/arm64e-apple-ios.swiftmodule /Applications/Xcode_26.0.1.app/Contents/Developer/Toolchains/XcodeDefault.xctoolchain/usr/lib/swift/iphoneos/prebuilt-modules/26.0/CoreData.swiftmodule/arm64e-apple-ios.swiftmodule /Applications/Xcode_26.0.1.app/Contents/Developer/Toolchains/XcodeDefault.xctoolchain/usr/lib/swift/iphoneos/prebuilt-modules/26.0/CoreVideo.swiftmodule/arm64e-apple-ios.swiftmodule /Applications/Xcode_26.0.1.app/Contents/Developer/Toolchains/XcodeDefault.xctoolchain/usr/lib/swift/iphoneos/prebuilt-modules/26.0/UIKit.swiftmodule/arm64e-apple-ios.swiftmodule /Users/runner/Library/Developer/Xcode/DerivedData/ModuleCache.noindex/CoreFoundation-2L4O5SIVVNW7M5P87T1XF5OYI.pcm /Users/runner/Library/Developer/Xcode/DerivedData/ModuleCache.noindex/OSLog-9PO079U4T1G1LP8S2YPUJWBZA.pcm /Users/runner/Library/Developer/Xcode/DerivedData/ModuleCache.noindex/os_object-AUJ0U64R0QIXXA4LPBV6Y91FB.pcm /Users/runner/Library/Developer/Xcode/DerivedData/ModuleCache.noindex/_Builtin_stddef-BCN5UZKFGITR7ZRCKPL0XV6NH.pcm /Users/runner/Library/Developer/Xcode/DerivedData/ModuleCache.noindex/MachO-CVHLH2GYTOEPOLMSLEVV61F1X.pcm /Users/runner/Library/Developer/Xcode/DerivedData/ModuleCache.noindex/CoreText-A9M3SPGAPV3SY7YHHIO5JWX8H.pcm /Users/runner/Library/Developer/Xcode/DerivedData/ModuleCache.noindex/Symbols-2FZB5AB69AFXFHU8B3M56Y7NB.pcm /Users/runner/Library/Developer/Xcode/DerivedData/ModuleCache.noindex/OpenGLES-F2KFK56NZQ65D0H35CC08GL13.pcm /Users/runner/Library/Developer/Xcode/DerivedData/ModuleCache.noindex/XPC-D51TOL6KMG2RGCWCH2BXI93P.pcm /Users/runner/Library/Developer/Xcode/DerivedData/ModuleCache.noindex/_DarwinFoundation1-C4GMY5GJL27V67BC5GLXL6RIS.pcm /Users/runner/Library/Developer/Xcode/DerivedData/ModuleCache.noindex/sys_types-5HXOG0DU2OYW3S1Q29RL7PL63.pcm /Users/runner/Library/Developer/Xcode/DerivedData/ModuleCache.noindex/CoreGraphics-9TSHA2JH95RH8D9QYN7DFV8QT.pcm /Users/runner/Library/Developer/Xcode/DerivedData/ModuleCache.noindex/ptrauth-DNC48MLQZWYGD5SJ5HWZM6P46.pcm /Users/runner/Library/Developer/Xcode/DerivedData/ModuleCache.noindex/SwiftShims-729RK0AG4RLNXRNPZ5CEVPYCL.pcm /Users/runner/Library/Developer/Xcode/DerivedData/ModuleCache.noindex/os-EWI5QL6OJBTUQZKNMKOMU4GWF.pcm /Users/runner/Library/Developer/Xcode/DerivedData/ModuleCache.noindex/CoreVideo-4RQLPJW95GAI8M6EXQ0MYJLW7.pcm /Users/runner/Library/Developer/Xcode/DerivedData/ModuleCache.noindex/_Builtin_intrinsics-30WBM5K2R1MC2I220BS6KD47Z.pcm /Users/runner/Library/Developer/Xcode/DerivedData/ModuleCache.noindex/os_workgroup-COJ7YOPUPZLAQNEZAX23Y4ZE4.pcm /Users/runner/Library/Developer/Xcode/DerivedData/ModuleCache.noindex/CoreImage-CI97WNAUXMED66ZKD7WAAHR6U.pcm /Users/runner/Library/Developer/Xcode/DerivedData/ModuleCache.noindex/_Builtin_tgmath-3ZF2NMDBDQQN37E1XMTYNAQ0Y.pcm /Users/runner/Library/Developer/Xcode/DerivedData/ModuleCache.noindex/IOSurface-9YMPTTCBKQ8SN5R8D0K704TC1.pcm /Users/runner/Library/Developer/Xcode/DerivedData/ModuleCache.noindex/FileProvider-EWJIZAIZUERRXMTQ3TTYW7EPT.pcm /Users/runner/Library/Developer/Xcode/DerivedData/ModuleCache.noindex/Security-9VFL9IB8YO33PBBJHPU1YBEVE.pcm /Users/runner/Library/Developer/Xcode/DerivedData/ModuleCache.noindex/_LocationEssentials-BX5FDMLC71RV864D7B2EDGDAK.pcm /Users/runner/Library/Developer/Xcode/DerivedData/ModuleCache.noindex/CoreLocation-56QQ42TIKVS6XJSGE8UUERSX1.pcm /Users/runner/Library/Developer/Xcode/DerivedData/ModuleCache.noindex/_Builtin_limits-586IO2Q4GEPFTFV4IRQ5FNWRR.pcm /Users/runner/Library/Developer/Xcode/DerivedData/ModuleCache.noindex/Spatial-2K78JFZ044PP6X7943F0JL00H.pcm /Users/runner/Library/Developer/Xcode/DerivedData/ModuleCache.noindex/ObjectiveC-8V2PWUULKPXWRBDXNE2BKE1BJ.pcm /Users/runner/Library/Developer/Xcode/DerivedData/ModuleCache.noindex/_Builtin_float-DSICRM00A0IHM2RV3M1PUDXJC.pcm /Users/runner/Library/Developer/Xcode/DerivedData/ModuleCache.noindex/Accessibility-72H5DGDZJSCOB9T48PC4RWGUR.pcm /Users/runner/Library/Developer/Xcode/DerivedData/ModuleCache.noindex/UniformTypeIdentifiers-47LXFV6O1V36Q1912GEWOLFNA.pcm /Users/runner/Library/Developer/Xcode/DerivedData/ModuleCache.noindex/_DarwinFoundation3-JD4MMCU08CNDI8D8QFYVZDC3.pcm /Users/runner/Library/Developer/Xcode/DerivedData/ModuleCache.noindex/_DarwinFoundation2-6ADNO32KZEHEK53UWCW60DAFQ.pcm /Users/runner/Library/Developer/Xcode/DerivedData/ModuleCache.noindex/_Builtin_stdarg-9Y4GU7MTA8DBNH1PACULN7G8Y.pcm /Users/runner/Library/Developer/Xcode/DerivedData/ModuleCache.noindex/_Builtin_stdbool-BU6A90G0BL93UCVHPFOADHETH.pcm /Users/runner/Library/Developer/Xcode/DerivedData/ModuleCache.noindex/DataDetection-65QR7EQGZM8NPFAZ5CC20MEJF.pcm /Users/runner/Library/Developer/Xcode/DerivedData/ModuleCache.noindex/ptrcheck-CSG821Y62FW54DU5Q3NJ3BXXK.pcm /Users/runner/Library/Developer/Xcode/DerivedData/ModuleCache.noindex/CoreTransferable-3IYPRRPKICF90NP07RDAUBV67.pcm /Users/runner/Library/Developer/Xcode/DerivedData/ModuleCache.noindex/_Builtin_inttypes-62UOWMKMLEV9XBHM5G186VZAH.pcm /Users/runner/Library/Developer/Xcode/DerivedData/ModuleCache.noindex/_SwiftConcurrencyShims-ABAP3XK4FPZ0HOQN2OA37HGW1.pcm /Users/runner/Library/Developer/Xcode/DerivedData/ModuleCache.noindex/UIKit-DB427KMNGOPCV878UTWFYYT01.pcm /Users/runner/Library/Developer/Xcode/DerivedData/ModuleCache.noindex/DeveloperToolsSupport-HCZMCF2IFW7XDM9N7A06STUF.pcm /Users/runner/Library/Developer/Xcode/DerivedData/ModuleCache.noindex/MapKit-CUYIKR7RTMHNAHZX47LXNDLD2.pcm /Users/runner/Library/Developer/Xcode/DerivedData/ModuleCache.noindex/CoreData-4R5CXE55DPVEZ08F2ZM56N0HE.pcm /Users/runner/Library/Developer/Xcode/DerivedData/ModuleCache.noindex/Darwin-U8PUF732SX13N33G09IAAQOS.pcm /Users/runner/Library/Developer/Xcode/DerivedData/ModuleCache.noindex/Foundation-A95BH4TQXZVOJUCJN0DIP56BB.pcm /Users/runner/Library/Developer/Xcode/DerivedData/ModuleCache.noindex/UIUtilities-DTLAW841QZLFVKVXH2ED11ZC0.pcm /Users/runner/Library/Developer/Xcode/DerivedData/ModuleCache.noindex/UserNotifications-1Y7EX84IYVX9YSZQANX8V93XQ.pcm /Users/runner/Library/Developer/Xcode/DerivedData/ModuleCache.noindex/CFNetwork-DTTIM1ZKDYDUINM30JGIYEV8X.pcm /Users/runner/Library/Developer/Xcode/DerivedData/ModuleCache.noindex/_Builtin_stdint-379KIWUSTSQGLC7FGPEAQ6AS7.pcm /Users/runner/Library/Developer/Xcode/DerivedData/ModuleCache.noindex/Metal-96BFSLK4OEZGZLY7WGCHZW1CS.pcm /Users/runner/Library/Developer/Xcode/DerivedData/ModuleCache.noindex/_Builtin_stdatomic-DGHOMB92ZJDMG52O1936F23SA.pcm /Users/runner/Library/Developer/Xcode/DerivedData/ModuleCache.noindex/Dispatch-7KNT5O4HDUREECLDI0GL3OEQ6.pcm /Users/runner/Library/Developer/Xcode/DerivedData/ModuleCache.noindex/_AvailabilityInternal-3ATYOQX7Y8FLM8A2YCZJ3XY20.pcm /Users/runner/Library/Developer/Xcode/DerivedData/ModuleCache.noindex/SwiftUI-CVPINHMD2655GQUYRFVEN7P12.pcm /Users/runner/Library/Developer/Xcode/DerivedData/ModuleCache.noindex/ImageIO-AIXE908AL0IQ02V7C59YWKYOV.pcm /Users/runner/Library/Developer/Xcode/DerivedData/ModuleCache.noindex/QuartzCore-5MBENFANP60MA955OZ6721AZV.pcm /Users/runner/Library/Developer/Xcode/DerivedData/ModuleCache.noindex/SwiftUICore-3STSSDJJHXV1GLC66UKOTQU87.pcm /Users/runner/Library/Developer/Xcode/DerivedData/ModuleCache.noindex/simd-3O670MLI2MMW0ZLUGJAAWYUR2.pcm /Users/runner/Library/Developer/Xcode/DerivedData/NotesApp-etoxexwexniwcybabliihwhqpohf/Build/Intermediates.noindex/ArchiveIntermediates/NotesApp/IntermediateBuildFilesPath/NotesApp.build/Release-iphoneos/NotesApp.build/Objects-normal/arm64/BirthInfo-dependencies-1.json /Users/runner/Library/Developer/Xcode/DerivedData/NotesApp-etoxexwexniwcybabliihwhqpohf/Build/Intermediates.noindex/ArchiveIntermediates/NotesApp/IntermediateBuildFilesPath/NotesApp.build/Release-iphoneos/NotesApp.build/Objects-normal/arm64/NotesApp-primary-Bridging-header.pch (in target 'NotesApp' from project 'NotesApp')
build-ipa	Archive (Release, unsigned)	2025-10-22T03:32:50.6022890Z CompileSwift normal arm64 (in target 'NotesApp' from project 'NotesApp')
build-ipa	Archive (Release, unsigned)	2025-10-22T03:32:50.6023330Z     cd /Users/runner/work/vyasfather/vyasfather
build-ipa	Archive (Release, unsigned)	2025-10-22T03:32:50.6024320Z     
build-ipa	Archive (Release, unsigned)	2025-10-22T03:32:56.9113560Z /Users/runner/work/vyasfather/vyasfather/NotesApp/ContentView.swift:342:10: warning: 'onChange(of:perform:)' was deprecated in iOS 17.0: Use `onChange` with a two or zero parameter action closure instead.
build-ipa	Archive (Release, unsigned)	2025-10-22T03:32:56.9118480Z         .onChange(of: dateOfBirth) { _ in recomputePlanets() }
build-ipa	Archive (Release, unsigned)	2025-10-22T03:32:56.9120390Z          ^
build-ipa	Archive (Release, unsigned)	2025-10-22T03:32:56.9121040Z /Users/runner/work/vyasfather/vyasfather/NotesApp/ContentView.swift:343:10: warning: 'onChange(of:perform:)' was deprecated in iOS 17.0: Use `onChange` with a two or zero parameter action closure instead.
build-ipa	Archive (Release, unsigned)	2025-10-22T03:32:56.9121900Z         .onChange(of: timeOfBirth) { _ in recomputePlanets() }
build-ipa	Archive (Release, unsigned)	2025-10-22T03:32:56.9122250Z          ^
build-ipa	Archive (Release, unsigned)	2025-10-22T03:32:56.9123160Z /Users/runner/work/vyasfather/vyasfather/NotesApp/ContentView.swift:344:10: warning: 'onChange(of:perform:)' was deprecated in iOS 17.0: Use `onChange` with a two or zero parameter action closure instead.
build-ipa	Archive (Release, unsigned)	2025-10-22T03:32:56.9124140Z         .onChange(of: selectedCoordinate?.latitude) { _ in recomputePlanets() }
build-ipa	Archive (Release, unsigned)	2025-10-22T03:32:56.9125000Z          ^
build-ipa	Archive (Release, unsigned)	2025-10-22T03:32:56.9130930Z /Users/runner/work/vyasfather/vyasfather/NotesApp/ContentView.swift:345:10: warning: 'onChange(of:perform:)' was deprecated in iOS 17.0: Use `onChange` with a two or zero parameter action closure instead.
build-ipa	Archive (Release, unsigned)	2025-10-22T03:32:56.9131760Z         .onChange(of: selectedCoordinate?.longitude) { _ in recomputePlanets() }
build-ipa	Archive (Release, unsigned)	2025-10-22T03:32:56.9132080Z          ^
build-ipa	Archive (Release, unsigned)	2025-10-22T03:32:56.9132550Z /Users/runner/work/vyasfather/vyasfather/NotesApp/VimshottariDashaCalculator.swift:166:10: error: invalid redeclaration of 'clamped(to:)'
build-ipa	Archive (Release, unsigned)	2025-10-22T03:32:56.9133110Z     func clamped(to range: ClosedRange<Int>) -> Int {
build-ipa	Archive (Release, unsigned)	2025-10-22T03:32:56.9133330Z          ^
build-ipa	Archive (Release, unsigned)	2025-10-22T03:32:56.9133730Z /Users/runner/work/vyasfather/vyasfather/NotesApp/PanchangaCalc.swift:138:10: note: 'clamped(to:)' previously declared here
build-ipa	Archive (Release, unsigned)	2025-10-22T03:32:56.9134370Z     func clamped(to range: ClosedRange<Int>) -> Int { Swift.min(Swift.max(self, range.lowerBound), range.upperBound) }
build-ipa	Archive (Release, unsigned)	2025-10-22T03:32:56.9135690Z          ^
build-ipa	Archive (Release, unsigned)	2025-10-22T03:32:56.9136090Z /Users/runner/work/vyasfather/vyasfather/NotesApp/PanchangaCalc.swift:138:10: note: 'clamped(to:)' previously declared here
build-ipa	Archive (Release, unsigned)	2025-10-22T03:32:56.9136690Z     func clamped(to range: ClosedRange<Int>) -> Int { Swift.min(Swift.max(self, range.lowerBound), range.upperBound) }
build-ipa	Archive (Release, unsigned)	2025-10-22T03:32:56.9137090Z          ^
build-ipa	Archive (Release, unsigned)	2025-10-22T03:32:56.9137170Z 
build-ipa	Archive (Release, unsigned)	2025-10-22T03:32:56.9206830Z Failed frontend command:
build-ipa	Archive (Release, unsigned)	2025-10-22T03:32:56.9365310Z /Applications/Xcode_26.0.1.app/Contents/Developer/Toolchains/XcodeDefault.xctoolchain/usr/bin/swift-frontend -frontend -c /Users/runner/work/vyasfather/vyasfather/NotesApp/PersistenceController.swift /Users/runner/work/vyasfather/vyasfather/NotesApp/ContentView.swift /Users/runner/work/vyasfather/vyasfather/NotesApp/NotesListView.swift /Users/runner/work/vyasfather/vyasfather/NotesApp/NoteDetailView.swift /Users/runner/work/vyasfather/vyasfather/NotesApp/NotesAppApp.swift /Users/runner/work/vyasfather/vyasfather/NotesApp/TodayView.swift /Users/runner/work/vyasfather/vyasfather/NotesApp/HistoryView.swift /Users/runner/work/vyasfather/vyasfather/NotesApp/SettingsView.swift /Users/runner/work/vyasfather/vyasfather/NotesApp/HydrationHelpers.swift /Users/runner/work/vyasfather/vyasfather/NotesApp/NotificationManager.swift /Users/runner/work/vyasfather/vyasfather/NotesApp/Theme.swift /Users/runner/work/vyasfather/vyasfather/NotesApp/Toast.swift /Users/runner/work/vyasfather/vyasfather/NotesApp/CelebrationOverlay.swift /Users/runner/work/vyasfather/vyasfather/NotesApp/ScreenshotMode.swift /Users/runner/work/vyasfather/vyasfather/NotesApp/LocationSearchManager.swift /Users/runner/work/vyasfather/vyasfather/NotesApp/PlanetaryCalculator.swift /Users/runner/work/vyasfather/vyasfather/NotesApp/DiagnosticsView.swift /Users/runner/work/vyasfather/vyasfather/NotesApp/VimshottariDashaCalculator.swift /Users/runner/work/vyasfather/vyasfather/NotesApp/DashaView.swift /Users/runner/work/vyasfather/vyasfather/NotesApp/DashaTabView.swift /Users/runner/work/vyasfather/vyasfather/NotesApp/UIStyles.swift /Users/runner/work/vyasfather/vyasfather/NotesApp/YogiCalculator.swift /Users/runner/work/vyasfather/vyasfather/NotesApp/YogiView.swift /Users/runner/work/vyasfather/vyasfather/NotesApp/YogiTabView.swift /Users/runner/work/vyasfather/vyasfather/NotesApp/DrekkanaUtils.swift /Users/runner/work/vyasfather/vyasfather/NotesApp/UttamaTabView.swift /Users/runner/work/vyasfather/vyasfather/NotesApp/JaiminiKarakas.swift /Users/runner/work/vyasfather/vyasfather/NotesApp/JaiminiArudha.swift /Users/runner/work/vyasfather/vyasfather/NotesApp/JaiminiTabView.swift /Users/runner/work/vyasfather/vyasfather/NotesApp/PanchangaCalc.swift /Users/runner/work/vyasfather/vyasfather/NotesApp/PanchangaTabView.swift /Users/runner/work/vyasfather/vyasfather/NotesApp/IshtaDevataCalc.swift /Users/runner/work/vyasfather/vyasfather/NotesApp/IshtaDevataTabView.swift /Users/runner/work/vyasfather/vyasfather/NotesApp/VargaCalculatorIOS.swift /Users/runner/work/vyasfather/vyasfather/NotesApp/NavamshaLordsTabView.swift /Users/runner/work/vyasfather/vyasfather/NotesApp/SunriseCalcIOS.swift /Users/runner/work/vyasfather/vyasfather/NotesApp/SpecialLagnasCalc.swift /Users/runner/work/vyasfather/vyasfather/NotesApp/LagnasTabView.swift /Users/runner/work/vyasfather/vyasfather/NotesApp/SixtyFourTwentyTwoCalc.swift /Users/runner/work/vyasfather/vyasfather/NotesApp/SixtyFourTwentyTwoTabView.swift /Users/runner/work/vyasfather/vyasfather/NotesApp/VedicChartView.swift /Users/runner/Library/Developer/Xcode/DerivedData/NotesApp-etoxexwexniwcybabliihwhqpohf/Build/Intermediates.noindex/ArchiveIntermediates/NotesApp/IntermediateBuildFilesPath/NotesApp.build/Release-iphoneos/NotesApp.build/DerivedSources/CoreDataGenerated/NotesModel/HydrationEntry+CoreDataClass.swift /Users/runner/Library/Developer/Xcode/DerivedData/NotesApp-etoxexwexniwcybabliihwhqpohf/Build/Intermediates.noindex/ArchiveIntermediates/NotesApp/IntermediateBuildFilesPath/NotesApp.build/Release-iphoneos/NotesApp.build/DerivedSources/CoreDataGenerated/NotesModel/HydrationEntry+CoreDataProperties.swift /Users/runner/Library/Developer/Xcode/DerivedData/NotesApp-etoxexwexniwcybabliihwhqpohf/Build/Intermediates.noindex/ArchiveIntermediates/NotesApp/IntermediateBuildFilesPath/NotesApp.build/Release-iphoneos/NotesApp.build/DerivedSources/CoreDataGenerated/NotesModel/UserSettings+CoreDataClass.swift /Users/runner/Library/Developer/Xcode/DerivedData/NotesApp-etoxexwexniwcybabliihwhqpohf/Build/Intermediates.noindex/ArchiveIntermediates/NotesApp/IntermediateBuildFilesPath/NotesApp.build/Release-iphoneos/NotesApp.build/DerivedSources/CoreDataGenerated/NotesModel/UserSettings+CoreDataProperties.swift /Users/runner/Library/Developer/Xcode/DerivedData/NotesApp-etoxexwexniwcybabliihwhqpohf/Build/Intermediates.noindex/ArchiveIntermediates/NotesApp/IntermediateBuildFilesPath/NotesApp.build/Release-iphoneos/NotesApp.build/DerivedSources/CoreDataGenerated/NotesModel/NotesModel+CoreDataModel.swift /Users/runner/Library/Developer/Xcode/DerivedData/NotesApp-etoxexwexniwcybabliihwhqpohf/Build/Intermediates.noindex/ArchiveIntermediates/NotesApp/IntermediateBuildFilesPath/NotesApp.build/Release-iphoneos/NotesApp.build/DerivedSources/GeneratedAssetSymbols.swift -supplementary-output-file-map /Users/runner/Library/Developer/Xcode/DerivedData/NotesApp-etoxexwexniwcybabliihwhqpohf/Build/Intermediates.noindex/ArchiveIntermediates/NotesApp/IntermediateBuildFilesPath/NotesApp.build/Release-iphoneos/NotesApp.build/Objects-normal/arm64/supplementaryOutputs-1 -emit-localized-strings -emit-localized-strings-path /Users/runner/Library/Developer/Xcode/DerivedData/NotesApp-etoxexwexniwcybabliihwhqpohf/Build/Intermediates.noindex/ArchiveIntermediates/NotesApp/IntermediateBuildFilesPath/NotesApp.build/Release-iphoneos/NotesApp.build/Objects-normal/arm64 -target arm64-apple-ios17.0 -module-can-import-version DeveloperToolsSupport 23.0.4 23.0.4 -module-can-import-version SwiftUI 7.0.84.1 7.0.84 -module-can-import-version UIKit 9088.1.113 9088.1.113 -disable-cross-import-overlay-search -swift-module-cross-import CoreData /Applications/Xcode_26.0.1.app/Contents/Developer/Platforms/iPhoneOS.platform/Developer/SDKs/iPhoneOS.sdk/System/Library/Frameworks/CoreData.framework/Modules/CoreData.swiftcrossimport/CloudKit.swiftoverlay -swift-module-cross-import CoreData /Applications/Xcode_26.0.1.app/Contents/Developer/Platforms/iPhoneOS.platform/Developer/SDKs/iPhoneOS26.0.sdk/System/Library/Frameworks/CoreData.framework/Modules/CoreData.swiftcrossimport/CloudKit.swiftoverlay -swift-module-cross-import MapKit /Applications/Xcode_26.0.1.app/Contents/Developer/Platforms/iPhoneOS.platform/Developer/SDKs/iPhoneOS.sdk/System/Library/Frameworks/MapKit.framework/Modules/MapKit.swiftcrossimport/SwiftUI.swiftoverlay -load-resolved-plugin /Applications/Xcode_26.0.1.app/Contents/Developer/Platforms/iPhoneOS.platform/Developer/usr/lib/swift/host/plugins/libFoundationMacros.dylib\#/Applications/Xcode_26.0.1.app/Contents/Developer/Platforms/iPhoneOS.platform/Developer/usr/bin/swift-plugin-server\#FoundationMacros -load-resolved-plugin /Applications/Xcode_26.0.1.app/Contents/Developer/Platforms/iPhoneOS.platform/Developer/usr/lib/swift/host/plugins/libObservationMacros.dylib\#/Applications/Xcode_26.0.1.app/Contents/Developer/Platforms/iPhoneOS.platform/Developer/usr/bin/swift-plugin-server\#ObservationMacros -load-resolved-plugin /Applications/Xcode_26.0.1.app/Contents/Developer/Platforms/iPhoneOS.platform/Developer/usr/lib/swift/host/plugins/libPreviewsMacros.dylib\#/Applications/Xcode_26.0.1.app/Contents/Developer/Platforms/iPhoneOS.platform/Developer/usr/bin/swift-plugin-server\#PreviewsMacros -load-resolved-plugin /Applications/Xcode_26.0.1.app/Contents/Developer/Platforms/iPhoneOS.platform/Developer/usr/lib/swift/host/plugins/libSwiftMacros.dylib\#/Applications/Xcode_26.0.1.app/Contents/Developer/Platforms/iPhoneOS.platform/Developer/usr/bin/swift-plugin-server\#SwiftMacros -load-resolved-plugin /Applications/Xcode_26.0.1.app/Contents/Developer/Platforms/iPhoneOS.platform/Developer/usr/lib/swift/host/plugins/libSwiftUIMacros.dylib\#/Applications/Xcode_26.0.1.app/Contents/Developer/Platforms/iPhoneOS.platform/Developer/usr/bin/swift-plugin-server\#SwiftUIMacros -disable-implicit-swift-modules -Xcc -fno-implicit-modules -Xcc -fno-implicit-module-maps -explicit-swift-module-map-file /Users/runner/Library/Developer/Xcode/DerivedData/NotesApp-etoxexwexniwcybabliihwhqpohf/Build/Intermediates.noindex/ArchiveIntermediates/NotesApp/IntermediateBuildFilesPath/NotesApp.build/Release-iphoneos/NotesApp.build/Objects-normal/arm64/BirthInfo-dependencies-1.json -Xllvm -aarch64-use-tbi -enable-objc-interop -stack-check -sdk /Applications/Xcode_26.0.1.app/Contents/Developer/Platforms/iPhoneOS.platform/Developer/SDKs/iPhoneOS26.0.sdk -I /Users/runner/Library/Developer/Xcode/DerivedData/NotesApp-etoxexwexniwcybabliihwhqpohf/Build/Intermediates.noindex/ArchiveIntermediates/NotesApp/BuildProductsPath/Release-iphoneos -F /Users/runner/Library/Developer/Xcode/DerivedData/NotesApp-etoxexwexniwcybabliihwhqpohf/Build/Intermediates.noindex/ArchiveIntermediates/NotesApp/BuildProductsPath/Release-iphoneos -no-color-diagnostics -Xcc -fno-color-diagnostics -g -debug-info-format\=dwarf -dwarf-version\=4 -module-cache-path /Users/runner/Library/Developer/Xcode/DerivedData/NotesApp-etoxexwexniwcybabliihwhqpohf/Build/Intermediates.noindex/ArchiveIntermediates/NotesApp/IntermediateBuildFilesPath/SwiftExplicitPrecompiledModules -swift-version 5 -enforce-exclusivity\=checked -O -serialize-debugging-options -const-gather-protocols-file /Users/runner/Library/Developer/Xcode/DerivedData/NotesApp-etoxexwexniwcybabliihwhqpohf/Build/Intermediates.noindex/ArchiveIntermediates/NotesApp/IntermediateBuildFilesPath/NotesApp.build/Release-iphoneos/NotesApp.build/Objects-normal/arm64/NotesApp_const_extract_protocols.json -enable-experimental-feature DebugDescriptionMacro -enable-bare-slash-regex -empty-abi-descriptor -validate-clang-modules-once -clang-build-session-file /Users/runner/Library/Developer/Xcode/DerivedData/ModuleCache.noindex/Session.modulevalidation -Xcc -working-directory -Xcc /Users/runner/work/vyasfather/vyasfather -file-compilation-dir /Users/runner/work/vyasfather/vyasfather -Xcc -ivfsstatcache -Xcc /Users/runner/Library/Developer/Xcode/DerivedData/SDKStatCaches.noindex/iphoneos26.0-23A339-3885c01c3e6b6a337905948deab2002ee897cee61435230feef45a4748fd4bcc.sdkstatcache -Xcc -I/Users/runner/Library/Developer/Xcode/DerivedData/NotesApp-etoxexwexniwcybabliihwhqpohf/Build/Intermediates.noindex/ArchiveIntermediates/NotesApp/IntermediateBuildFilesPath/NotesApp.build/Release-iphoneos/NotesApp.build/swift-overrides.hmap -Xcc -iquote -Xcc /Users/runner/Library/Developer/Xcode/DerivedData/NotesApp-etoxexwexniwcybabliihwhqpohf/Build/Intermediates.noindex/ArchiveIntermediates/NotesApp/IntermediateBuildFilesPath/NotesApp.build/Release-iphoneos/NotesApp.build/BirthInfo-generated-files.hmap -Xcc -I/Users/runner/Library/Developer/Xcode/DerivedData/NotesApp-etoxexwexniwcybabliihwhqpohf/Build/Intermediates.noindex/ArchiveIntermediates/NotesApp/IntermediateBuildFilesPath/NotesApp.build/Release-iphoneos/NotesApp.build/BirthInfo-own-target-headers.hmap -Xcc -I/Users/runner/Library/Developer/Xcode/DerivedData/NotesApp-etoxexwexniwcybabliihwhqpohf/Build/Intermediates.noindex/ArchiveIntermediates/NotesApp/IntermediateBuildFilesPath/NotesApp.build/Release-iphoneos/NotesApp.build/BirthInfo-all-target-headers.hmap -Xcc -iquote -Xcc /Users/runner/Library/Developer/Xcode/DerivedData/NotesApp-etoxexwexniwcybabliihwhqpohf/Build/Intermediates.noindex/ArchiveIntermediates/NotesApp/IntermediateBuildFilesPath/NotesApp.build/Release-iphoneos/NotesApp.build/BirthInfo-project-headers.hmap -Xcc -I/Users/runner/Library/Developer/Xcode/DerivedData/NotesApp-etoxexwexniwcybabliihwhqpohf/Build/Intermediates.noindex/ArchiveIntermediates/NotesApp/BuildProductsPath/Release-iphoneos/include -Xcc -I/Users/runner/work/vyasfather/vyasfather/ThirdParty/SwissEph/include -Xcc -I/Users/runner/work/vyasfather/vyasfather/ThirdParty/SwissEph/src -Xcc -I/Users/runner/Library/Developer/Xcode/DerivedData/NotesApp-etoxexwexniwcybabliihwhqpohf/Build/Intermediates.noindex/ArchiveIntermediates/NotesApp/IntermediateBuildFilesPath/NotesApp.build/Release-iphoneos/NotesApp.build/DerivedSources-normal/arm64 -Xcc -I/Users/runner/Library/Developer/Xcode/DerivedData/NotesApp-etoxexwexniwcybabliihwhqpohf/Build/Intermediates.noindex/ArchiveIntermediates/NotesApp/IntermediateBuildFilesPath/NotesApp.build/Release-iphoneos/NotesApp.build/DerivedSources/arm64 -Xcc -I/Users/runner/Library/Developer/Xcode/DerivedData/NotesApp-etoxexwexniwcybabliihwhqpohf/Build/Intermediates.noindex/ArchiveIntermediates/NotesApp/IntermediateBuildFilesPath/NotesApp.build/Release-iphoneos/NotesApp.build/DerivedSources -import-objc-header /Users/runner/Library/Developer/Xcode/DerivedData/NotesApp-etoxexwexniwcybabliihwhqpohf/Build/Intermediates.noindex/ArchiveIntermediates/NotesApp/IntermediateBuildFilesPath/NotesApp.build/Release-iphoneos/NotesApp.build/Objects-normal/arm64/NotesApp-primary-Bridging-header.pch -no-auto-bridging-header-chaining -module-name BirthInfo -frontend-parseable-output -disable-clang-spi -target-sdk-version 26.0 -target-sdk-name iphoneos26.0 -clang-target arm64-apple-ios26.0 -in-process-plugin-server-path /Applications/Xcode_26.0.1.app/Contents/Developer/Toolchains/XcodeDefault.xctoolchain/usr/lib/swift/host/libSwiftInProcPluginServer.dylib -enable-default-cmo -num-threads 3 -o /Users/runner/Library/Developer/Xcode/DerivedData/NotesApp-etoxexwexniwcybabliihwhqpohf/Build/Intermediates.noindex/ArchiveIntermediates/NotesApp/IntermediateBuildFilesPath/NotesApp.build/Release-iphoneos/NotesApp.build/Objects-normal/arm64/PersistenceController.o -o /Users/runner/Library/Developer/Xcode/DerivedData/NotesApp-etoxexwexniwcybabliihwhqpohf/Build/Intermediates.noindex/ArchiveIntermediates/NotesApp/IntermediateBuildFilesPath/NotesApp.build/Release-iphoneos/NotesApp.build/Objects-normal/arm64/ContentView.o -o /Users/runner/Library/Developer/Xcode/DerivedData/NotesApp-etoxexwexniwcybabliihwhqpohf/Build/Intermediates.noindex/ArchiveIntermediates/NotesApp/IntermediateBuildFilesPath/NotesApp.build/Release-iphoneos/NotesApp.build/Objects-normal/arm64/NotesListView.o -o /Users/runner/Library/Developer/Xcode/DerivedData/NotesApp-etoxexwexniwcybabliihwhqpohf/Build/Intermediates.noindex/ArchiveIntermediates/NotesApp/IntermediateBuildFilesPath/NotesApp.build/Release-iphoneos/NotesApp.build/Objects-normal/arm64/NoteDetailView.o -o /Users/runner/Library/Developer/Xcode/DerivedData/NotesApp-etoxexwexniwcybabliihwhqpohf/Build/Intermediates.noindex/ArchiveIntermediates/NotesApp/IntermediateBuildFilesPath/NotesApp.build/Release-iphoneos/NotesApp.build/Objects-normal/arm64/NotesAppApp.o -o /Users/runner/Library/Developer/Xcode/DerivedData/NotesApp-etoxexwexniwcybabliihwhqpohf/Build/Intermediates.noindex/ArchiveIntermediates/NotesApp/IntermediateBuildFilesPath/NotesApp.build/Release-iphoneos/NotesApp.build/Objects-normal/arm64/TodayView.o -o /Users/runner/Library/Developer/Xcode/DerivedData/NotesApp-etoxexwexniwcybabliihwhqpohf/Build/Intermediates.noindex/ArchiveIntermediates/NotesApp/IntermediateBuildFilesPath/NotesApp.build/Release-iphoneos/NotesApp.build/Objects-normal/arm64/HistoryView.o -o /Users/runner/Library/Developer/Xcode/DerivedData/NotesApp-etoxexwexniwcybabliihwhqpohf/Build/Intermediates.noindex/ArchiveIntermediates/NotesApp/IntermediateBuildFilesPath/NotesApp.build/Release-iphoneos/NotesApp.build/Objects-normal/arm64/SettingsView.o -o /Users/runner/Library/Developer/Xcode/DerivedData/NotesApp-etoxexwexniwcybabliihwhqpohf/Build/Intermediates.noindex/ArchiveIntermediates/NotesApp/IntermediateBuildFilesPath/NotesApp.build/Release-iphoneos/NotesApp.build/Objects-normal/arm64/HydrationHelpers.o -o /Users/runner/Library/Developer/Xcode/DerivedData/NotesApp-etoxexwexniwcybabliihwhqpohf/Build/Intermediates.noindex/ArchiveIntermediates/NotesApp/IntermediateBuildFilesPath/NotesApp.build/Release-iphoneos/NotesApp.build/Objects-normal/arm64/NotificationManager.o -o /Users/runner/Library/Developer/Xcode/DerivedData/NotesApp-etoxexwexniwcybabliihwhqpohf/Build/Intermediates.noindex/ArchiveIntermediates/NotesApp/IntermediateBuildFilesPath/NotesApp.build/Release-iphoneos/NotesApp.build/Objects-normal/arm64/Theme.o -o /Users/runner/Library/Developer/Xcode/DerivedData/NotesApp-etoxexwexniwcybabliihwhqpohf/Build/Intermediates.noindex/ArchiveIntermediates/NotesApp/IntermediateBuildFilesPath/NotesApp.build/Release-iphoneos/NotesApp.build/Objects-normal/arm64/Toast.o -o /Users/runner/Library/Developer/Xcode/DerivedData/NotesApp-etoxexwexniwcybabliihwhqpohf/Build/Intermediates.noindex/ArchiveIntermediates/NotesApp/IntermediateBuildFilesPath/NotesApp.build/Release-iphoneos/NotesApp.build/Objects-normal/arm64/CelebrationOverlay.o -o /Users/runner/Library/Developer/Xcode/DerivedData/NotesApp-etoxexwexniwcybabliihwhqpohf/Build/Intermediates.noindex/ArchiveIntermediates/NotesApp/IntermediateBuildFilesPath/NotesApp.build/Release-iphoneos/NotesApp.build/Objects-normal/arm64/ScreenshotMode.o -o /Users/runner/Library/Developer/Xcode/DerivedData/NotesApp-etoxexwexniwcybabliihwhqpohf/Build/Intermediates.noindex/ArchiveIntermediates/NotesApp/IntermediateBuildFilesPath/NotesApp.build/Release-iphoneos/NotesApp.build/Objects-normal/arm64/LocationSearchManager.o -o /Users/runner/Library/Developer/Xcode/DerivedData/NotesApp-etoxexwexniwcybabliihwhqpohf/Build/Intermediates.noindex/ArchiveIntermediates/NotesApp/IntermediateBuildFilesPath/NotesApp.build/Release-iphoneos/NotesApp.build/Objects-normal/arm64/PlanetaryCalculator.o -o /Users/runner/Library/Developer/Xcode/DerivedData/NotesApp-etoxexwexniwcybabliihwhqpohf/Build/Intermediates.noindex/ArchiveIntermediates/NotesApp/IntermediateBuildFilesPath/NotesApp.build/Release-iphoneos/NotesApp.build/Objects-normal/arm64/DiagnosticsView.o -o /Users/runner/Library/Developer/Xcode/DerivedData/NotesApp-etoxexwexniwcybabliihwhqpohf/Build/Intermediates.noindex/ArchiveIntermediates/NotesApp/IntermediateBuildFilesPath/NotesApp.build/Release-iphoneos/NotesApp.build/Objects-normal/arm64/VimshottariDashaCalculator.o -o /Users/runner/Library/Developer/Xcode/DerivedData/NotesApp-etoxexwexniwcybabliihwhqpohf/Build/Intermediates.noindex/ArchiveIntermediates/NotesApp/IntermediateBuildFilesPath/NotesApp.build/Release-iphoneos/NotesApp.build/Objects-normal/arm64/DashaView.o -o /Users/runner/Library/Developer/Xcode/DerivedData/NotesApp-etoxexwexniwcybabliihwhqpohf/Build/Intermediates.noindex/ArchiveIntermediates/NotesApp/IntermediateBuildFilesPath/NotesApp.build/Release-iphoneos/NotesApp.build/Objects-normal/arm64/DashaTabView.o -o /Users/runner/Library/Developer/Xcode/DerivedData/NotesApp-etoxexwexniwcybabliihwhqpohf/Build/Intermediates.noindex/ArchiveIntermediates/NotesApp/IntermediateBuildFilesPath/NotesApp.build/Release-iphoneos/NotesApp.build/Objects-normal/arm64/UIStyles.o -o /Users/runner/Library/Developer/Xcode/DerivedData/NotesApp-etoxexwexniwcybabliihwhqpohf/Build/Intermediates.noindex/ArchiveIntermediates/NotesApp/IntermediateBuildFilesPath/NotesApp.build/Release-iphoneos/NotesApp.build/Objects-normal/arm64/YogiCalculator.o -o /Users/runner/Library/Developer/Xcode/DerivedData/NotesApp-etoxexwexniwcybabliihwhqpohf/Build/Intermediates.noindex/ArchiveIntermediates/NotesApp/IntermediateBuildFilesPath/NotesApp.build/Release-iphoneos/NotesApp.build/Objects-normal/arm64/YogiView.o -o /Users/runner/Library/Developer/Xcode/DerivedData/NotesApp-etoxexwexniwcybabliihwhqpohf/Build/Intermediates.noindex/ArchiveIntermediates/NotesApp/IntermediateBuildFilesPath/NotesApp.build/Release-iphoneos/NotesApp.build/Objects-normal/arm64/YogiTabView.o -o /Users/runner/Library/Developer/Xcode/DerivedData/NotesApp-etoxexwexniwcybabliihwhqpohf/Build/Intermediates.noindex/ArchiveIntermediates/NotesApp/IntermediateBuildFilesPath/NotesApp.build/Release-iphoneos/NotesApp.build/Objects-normal/arm64/DrekkanaUtils.o -o /Users/runner/Library/Developer/Xcode/DerivedData/NotesApp-etoxexwexniwcybabliihwhqpohf/Build/Intermediates.noindex/ArchiveIntermediates/NotesApp/IntermediateBuildFilesPath/NotesApp.build/Release-iphoneos/NotesApp.build/Objects-normal/arm64/UttamaTabView.o -o /Users/runner/Library/Developer/Xcode/DerivedData/NotesApp-etoxexwexniwcybabliihwhqpohf/Build/Intermediates.noindex/ArchiveIntermediates/NotesApp/IntermediateBuildFilesPath/NotesApp.build/Release-iphoneos/NotesApp.build/Objects-normal/arm64/JaiminiKarakas.o -o /Users/runner/Library/Developer/Xcode/DerivedData/NotesApp-etoxexwexniwcybabliihwhqpohf/Build/Intermediates.noindex/ArchiveIntermediates/NotesApp/IntermediateBuildFilesPath/NotesApp.build/Release-iphoneos/NotesApp.build/Objects-normal/arm64/JaiminiArudha.o -o /Users/runner/Library/Developer/Xcode/DerivedData/NotesApp-etoxexwexniwcybabliihwhqpohf/Build/Intermediates.noindex/ArchiveIntermediates/NotesApp/IntermediateBuildFilesPath/NotesApp.build/Release-iphoneos/NotesApp.build/Objects-normal/arm64/JaiminiTabView.o -o /Users/runner/Library/Developer/Xcode/DerivedData/NotesApp-etoxexwexniwcybabliihwhqpohf/Build/Intermediates.noindex/ArchiveIntermediates/NotesApp/IntermediateBuildFilesPath/NotesApp.build/Release-iphoneos/NotesApp.build/Objects-normal/arm64/PanchangaCalc.o -o /Users/runner/Library/Developer/Xcode/DerivedData/NotesApp-etoxexwexniwcybabliihwhqpohf/Build/Intermediates.noindex/ArchiveIntermediates/NotesApp/IntermediateBuildFilesPath/NotesApp.build/Release-iphoneos/NotesApp.build/Objects-normal/arm64/PanchangaTabView.o -o /Users/runner/Library/Developer/Xcode/DerivedData/NotesApp-etoxexwexniwcybabliihwhqpohf/Build/Intermediates.noindex/ArchiveIntermediates/NotesApp/IntermediateBuildFilesPath/NotesApp.build/Release-iphoneos/NotesApp.build/Objects-normal/arm64/IshtaDevataCalc.o -o /Users/runner/Library/Developer/Xcode/DerivedData/NotesApp-etoxexwexniwcybabliihwhqpohf/Build/Intermediates.noindex/ArchiveIntermediates/NotesApp/IntermediateBuildFilesPath/NotesApp.build/Release-iphoneos/NotesApp.build/Objects-normal/arm64/IshtaDevataTabView.o -o /Users/runner/Library/Developer/Xcode/DerivedData/NotesApp-etoxexwexniwcybabliihwhqpohf/Build/Intermediates.noindex/ArchiveIntermediates/NotesApp/IntermediateBuildFilesPath/NotesApp.build/Release-iphoneos/NotesApp.build/Objects-normal/arm64/VargaCalculatorIOS.o -o /Users/runner/Library/Developer/Xcode/DerivedData/NotesApp-etoxexwexniwcybabliihwhqpohf/Build/Intermediates.noindex/ArchiveIntermediates/NotesApp/IntermediateBuildFilesPath/NotesApp.build/Release-iphoneos/NotesApp.build/Objects-normal/arm64/NavamshaLordsTabView.o -o /Users/runner/Library/Developer/Xcode/DerivedData/NotesApp-etoxexwexniwcybabliihwhqpohf/Build/Intermediates.noindex/ArchiveIntermediates/NotesApp/IntermediateBuildFilesPath/NotesApp.build/Release-iphoneos/NotesApp.build/Objects-normal/arm64/SunriseCalcIOS.o -o /Users/runner/Library/Developer/Xcode/DerivedData/NotesApp-etoxexwexniwcybabliihwhqpohf/Build/Intermediates.noindex/ArchiveIntermediates/NotesApp/IntermediateBuildFilesPath/NotesApp.build/Release-iphoneos/NotesApp.build/Objects-normal/arm64/SpecialLagnasCalc.o -o /Users/runner/Library/Developer/Xcode/DerivedData/NotesApp-etoxexwexniwcybabliihwhqpohf/Build/Intermediates.noindex/ArchiveIntermediates/NotesApp/IntermediateBuildFilesPath/NotesApp.build/Release-iphoneos/NotesApp.build/Objects-normal/arm64/LagnasTabView.o -o /Users/runner/Library/Developer/Xcode/DerivedData/NotesApp-etoxexwexniwcybabliihwhqpohf/Build/Intermediates.noindex/ArchiveIntermediates/NotesApp/IntermediateBuildFilesPath/NotesApp.build/Release-iphoneos/NotesApp.build/Objects-normal/arm64/SixtyFourTwentyTwoCalc.o -o /Users/runner/Library/Developer/Xcode/DerivedData/NotesApp-etoxexwexniwcybabliihwhqpohf/Build/Intermediates.noindex/ArchiveIntermediates/NotesApp/IntermediateBuildFilesPath/NotesApp.build/Release-iphoneos/NotesApp.build/Objects-normal/arm64/SixtyFourTwentyTwoTabView.o -o /Users/runner/Library/Developer/Xcode/DerivedData/NotesApp-etoxexwexniwcybabliihwhqpohf/Build/Intermediates.noindex/ArchiveIntermediates/NotesApp/IntermediateBuildFilesPath/NotesApp.build/Release-iphoneos/NotesApp.build/Objects-normal/arm64/VedicChartView.o -o /Users/runner/Library/Developer/Xcode/DerivedData/NotesApp-etoxexwexniwcybabliihwhqpohf/Build/Intermediates.noindex/ArchiveIntermediates/NotesApp/IntermediateBuildFilesPath/NotesApp.build/Release-iphoneos/NotesApp.build/Objects-normal/arm64/HydrationEntry+CoreDataClass.o -o /Users/runner/Library/Developer/Xcode/DerivedData/NotesApp-etoxexwexniwcybabliihwhqpohf/Build/Intermediates.noindex/ArchiveIntermediates/NotesApp/IntermediateBuildFilesPath/NotesApp.build/Release-iphoneos/NotesApp.build/Objects-normal/arm64/HydrationEntry+CoreDataProperties.o -o /Users/runner/Library/Developer/Xcode/DerivedData/NotesApp-etoxexwexniwcybabliihwhqpohf/Build/Intermediates.noindex/ArchiveIntermediates/NotesApp/IntermediateBuildFilesPath/NotesApp.build/Release-iphoneos/NotesApp.build/Objects-normal/arm64/UserSettings+CoreDataClass.o -o /Users/runner/Library/Developer/Xcode/DerivedData/NotesApp-etoxexwexniwcybabliihwhqpohf/Build/Intermediates.noindex/ArchiveIntermediates/NotesApp/IntermediateBuildFilesPath/NotesApp.build/Release-iphoneos/NotesApp.build/Objects-normal/arm64/UserSettings+CoreDataProperties.o -o /Users/runner/Library/Developer/Xcode/DerivedData/NotesApp-etoxexwexniwcybabliihwhqpohf/Build/Intermediates.noindex/ArchiveIntermediates/NotesApp/IntermediateBuildFilesPath/NotesApp.build/Release-iphoneos/NotesApp.build/Objects-normal/arm64/NotesModel+CoreDataModel.o -o /Users/runner/Library/Developer/Xcode/DerivedData/NotesApp-etoxexwexniwcybabliihwhqpohf/Build/Intermediates.noindex/ArchiveIntermediates/NotesApp/IntermediateBuildFilesPath/NotesApp.build/Release-iphoneos/NotesApp.build/Objects-normal/arm64/GeneratedAssetSymbols.o -index-unit-output-path /NotesApp.build/Release-iphoneos/NotesApp.build/Objects-normal/arm64/PersistenceController.o -index-unit-output-path /NotesApp.build/Release-iphoneos/NotesApp.build/Objects-normal/arm64/ContentView.o -index-unit-output-path /NotesApp.build/Release-iphoneos/NotesApp.build/Objects-normal/arm64/NotesListView.o -index-unit-output-path /NotesApp.build/Release-iphoneos/NotesApp.build/Objects-normal/arm64/NoteDetailView.o -index-unit-output-path /NotesApp.build/Release-iphoneos/NotesApp.build/Objects-normal/arm64/NotesAppApp.o -index-unit-output-path /NotesApp.build/Release-iphoneos/NotesApp.build/Objects-normal/arm64/TodayView.o -index-unit-output-path /NotesApp.build/Release-iphoneos/NotesApp.build/Objects-normal/arm64/HistoryView.o -index-unit-output-path /NotesApp.build/Release-iphoneos/NotesApp.build/Objects-normal/arm64/SettingsView.o -index-unit-output-path /NotesApp.build/Release-iphoneos/NotesApp.build/Objects-normal/arm64/HydrationHelpers.o -index-unit-output-path /NotesApp.build/Release-iphoneos/NotesApp.build/Objects-normal/arm64/NotificationManager.o -index-unit-output-path /NotesApp.build/Release-iphoneos/NotesApp.build/Objects-normal/arm64/Theme.o -index-unit-output-path /NotesApp.build/Release-iphoneos/NotesApp.build/Objects-normal/arm64/Toast.o -index-unit-output-path /NotesApp.build/Release-iphoneos/NotesApp.build/Objects-normal/arm64/CelebrationOverlay.o -index-unit-output-path /NotesApp.build/Release-iphoneos/NotesApp.build/Objects-normal/arm64/ScreenshotMode.o -index-unit-output-path /NotesApp.build/Release-iphoneos/NotesApp.build/Objects-normal/arm64/LocationSearchManager.o -index-unit-output-path /NotesApp.build/Release-iphoneos/NotesApp.build/Objects-normal/arm64/PlanetaryCalculator.o -index-unit-output-path /NotesApp.build/Release-iphoneos/NotesApp.build/Objects-normal/arm64/DiagnosticsView.o -index-unit-output-path /NotesApp.build/Release-iphoneos/NotesApp.build/Objects-normal/arm64/VimshottariDashaCalculator.o -index-unit-output-path /NotesApp.build/Release-iphoneos/NotesApp.build/Objects-normal/arm64/DashaView.o -index-unit-output-path /NotesApp.build/Release-iphoneos/NotesApp.build/Objects-normal/arm64/DashaTabView.o -index-unit-output-path /NotesApp.build/Release-iphoneos/NotesApp.build/Objects-normal/arm64/UIStyles.o -index-unit-output-path /NotesApp.build/Release-iphoneos/NotesApp.build/Objects-normal/arm64/YogiCalculator.o -index-unit-output-path /NotesApp.build/Release-iphoneos/NotesApp.build/Objects-normal/arm64/YogiView.o -index-unit-output-path /NotesApp.build/Release-iphoneos/NotesApp.build/Objects-normal/arm64/YogiTabView.o -index-unit-output-path /NotesApp.build/Release-iphoneos/NotesApp.build/Objects-normal/arm64/DrekkanaUtils.o -index-unit-output-path /NotesApp.build/Release-iphoneos/NotesApp.build/Objects-normal/arm64/UttamaTabView.o -index-unit-output-path /NotesApp.build/Release-iphoneos/NotesApp.build/Objects-normal/arm64/JaiminiKarakas.o -index-unit-output-path /NotesApp.build/Release-iphoneos/NotesApp.build/Objects-normal/arm64/JaiminiArudha.o -index-unit-output-path /NotesApp.build/Release-iphoneos/NotesApp.build/Objects-normal/arm64/JaiminiTabView.o -index-unit-output-path /NotesApp.build/Release-iphoneos/NotesApp.build/Objects-normal/arm64/PanchangaCalc.o -index-unit-output-path /NotesApp.build/Release-iphoneos/NotesApp.build/Objects-normal/arm64/PanchangaTabView.o -index-unit-output-path /NotesApp.build/Release-iphoneos/NotesApp.build/Objects-normal/arm64/IshtaDevataCalc.o -index-unit-output-path /NotesApp.build/Release-iphoneos/NotesApp.build/Objects-normal/arm64/IshtaDevataTabView.o -index-unit-output-path /NotesApp.build/Release-iphoneos/NotesApp.build/Objects-normal/arm64/VargaCalculatorIOS.o -index-unit-output-path /NotesApp.build/Release-iphoneos/NotesApp.build/Objects-normal/arm64/NavamshaLordsTabView.o -index-unit-output-path /NotesApp.build/Release-iphoneos/NotesApp.build/Objects-normal/arm64/SunriseCalcIOS.o -index-unit-output-path /NotesApp.build/Release-iphoneos/NotesApp.build/Objects-normal/arm64/SpecialLagnasCalc.o -index-unit-output-path /NotesApp.build/Release-iphoneos/NotesApp.build/Objects-normal/arm64/LagnasTabView.o -index-unit-output-path /NotesApp.build/Release-iphoneos/NotesApp.build/Objects-normal/arm64/SixtyFourTwentyTwoCalc.o -index-unit-output-path /NotesApp.build/Release-iphoneos/NotesApp.build/Objects-normal/arm64/SixtyFourTwentyTwoTabView.o -index-unit-output-path /NotesApp.build/Release-iphoneos/NotesApp.build/Objects-normal/arm64/VedicChartView.o -index-unit-output-path /NotesApp.build/Release-iphoneos/NotesApp.build/Objects-normal/arm64/HydrationEntry+CoreDataClass.o -index-unit-output-path /NotesApp.build/Release-iphoneos/NotesApp.build/Objects-normal/arm64/HydrationEntry+CoreDataProperties.o -index-unit-output-path /NotesApp.build/Release-iphoneos/NotesApp.build/Objects-normal/arm64/UserSettings+CoreDataClass.o -index-unit-output-path /NotesApp.build/Release-iphoneos/NotesApp.build/Objects-normal/arm64/UserSettings+CoreDataProperties.o -index-unit-output-path /NotesApp.build/Release-iphoneos/NotesApp.build/Objects-normal/arm64/NotesModel+CoreDataModel.o -index-unit-output-path /NotesApp.build/Release-iphoneos/NotesApp.build/Objects-normal/arm64/GeneratedAssetSymbols.o
build-ipa	Archive (Release, unsigned)	2025-10-22T03:32:56.9583600Z ** ARCHIVE FAILED **
build-ipa	Archive (Release, unsigned)	2025-10-22T03:32:56.9583780Z 
build-ipa	Archive (Release, unsigned)	2025-10-22T03:32:56.9583790Z 
build-ipa	Archive (Release, unsigned)	2025-10-22T03:32:56.9583870Z The following build commands failed:
build-ipa	Archive (Release, unsigned)	2025-10-22T03:32:56.9584180Z 	CompileSwift normal arm64 (in target 'NotesApp' from project 'NotesApp')
build-ipa	Archive (Release, unsigned)	2025-10-22T03:32:56.9761610Z 	SwiftCompile normal arm64 Compiling\ PersistenceController.swift,\ ContentView.swift,\ NotesListView.swift,\ NoteDetailView.swift,\ NotesAppApp.swift,\ TodayView.swift,\ HistoryView.swift,\ SettingsView.swift,\ HydrationHelpers.swift,\ NotificationManager.swift,\ Theme.swift,\ Toast.swift,\ CelebrationOverlay.swift,\ ScreenshotMode.swift,\ LocationSearchManager.swift,\ PlanetaryCalculator.swift,\ DiagnosticsView.swift,\ VimshottariDashaCalculator.swift,\ DashaView.swift,\ DashaTabView.swift,\ UIStyles.swift,\ YogiCalculator.swift,\ YogiView.swift,\ YogiTabView.swift,\ DrekkanaUtils.swift,\ UttamaTabView.swift,\ JaiminiKarakas.swift,\ JaiminiArudha.swift,\ JaiminiTabView.swift,\ PanchangaCalc.swift,\ PanchangaTabView.swift,\ IshtaDevataCalc.swift,\ IshtaDevataTabView.swift,\ VargaCalculatorIOS.swift,\ NavamshaLordsTabView.swift,\ SunriseCalcIOS.swift,\ SpecialLagnasCalc.swift,\ LagnasTabView.swift,\ SixtyFourTwentyTwoCalc.swift,\ SixtyFourTwentyTwoTabView.swift,\ VedicChartView.swift,\ HydrationEntry+CoreDataClass.swift,\ HydrationEntry+CoreDataProperties.swift,\ UserSettings+CoreDataClass.swift,\ UserSettings+CoreDataProperties.swift,\ NotesModel+CoreDataModel.swift,\ GeneratedAssetSymbols.swift /Users/runner/work/vyasfather/vyasfather/NotesApp/PersistenceController.swift /Users/runner/work/vyasfather/vyasfather/NotesApp/ContentView.swift /Users/runner/work/vyasfather/vyasfather/NotesApp/NotesListView.swift /Users/runner/work/vyasfather/vyasfather/NotesApp/NoteDetailView.swift /Users/runner/work/vyasfather/vyasfather/NotesApp/NotesAppApp.swift /Users/runner/work/vyasfather/vyasfather/NotesApp/TodayView.swift /Users/runner/work/vyasfather/vyasfather/NotesApp/HistoryView.swift /Users/runner/work/vyasfather/vyasfather/NotesApp/SettingsView.swift /Users/runner/work/vyasfather/vyasfather/NotesApp/HydrationHelpers.swift /Users/runner/work/vyasfather/vyasfather/NotesApp/NotificationManager.swift /Users/runner/work/vyasfather/vyasfather/NotesApp/Theme.swift /Users/runner/work/vyasfather/vyasfather/NotesApp/Toast.swift /Users/runner/work/vyasfather/vyasfather/NotesApp/CelebrationOverlay.swift /Users/runner/work/vyasfather/vyasfather/NotesApp/ScreenshotMode.swift /Users/runner/work/vyasfather/vyasfather/NotesApp/LocationSearchManager.swift /Users/runner/work/vyasfather/vyasfather/NotesApp/PlanetaryCalculator.swift /Users/runner/work/vyasfather/vyasfather/NotesApp/DiagnosticsView.swift /Users/runner/work/vyasfather/vyasfather/NotesApp/VimshottariDashaCalculator.swift /Users/runner/work/vyasfather/vyasfather/NotesApp/DashaView.swift /Users/runner/work/vyasfather/vyasfather/NotesApp/DashaTabView.swift /Users/runner/work/vyasfather/vyasfather/NotesApp/UIStyles.swift /Users/runner/work/vyasfather/vyasfather/NotesApp/YogiCalculator.swift /Users/runner/work/vyasfather/vyasfather/NotesApp/YogiView.swift /Users/runner/work/vyasfather/vyasfather/NotesApp/YogiTabView.swift /Users/runner/work/vyasfather/vyasfather/NotesApp/DrekkanaUtils.swift /Users/runner/work/vyasfather/vyasfather/NotesApp/UttamaTabView.swift /Users/runner/work/vyasfather/vyasfather/NotesApp/JaiminiKarakas.swift /Users/runner/work/vyasfather/vyasfather/NotesApp/JaiminiArudha.swift /Users/runner/work/vyasfather/vyasfather/NotesApp/JaiminiTabView.swift /Users/runner/work/vyasfather/vyasfather/NotesApp/PanchangaCalc.swift /Users/runner/work/vyasfather/vyasfather/NotesApp/PanchangaTabView.swift /Users/runner/work/vyasfather/vyasfather/NotesApp/IshtaDevataCalc.swift /Users/runner/work/vyasfather/vyasfather/NotesApp/IshtaDevataTabView.swift /Users/runner/work/vyasfather/vyasfather/NotesApp/VargaCalculatorIOS.swift /Users/runner/work/vyasfather/vyasfather/NotesApp/NavamshaLordsTabView.swift /Users/runner/work/vyasfather/vyasfather/NotesApp/SunriseCalcIOS.swift /Users/runner/work/vyasfather/vyasfather/NotesApp/SpecialLagnasCalc.swift /Users/runner/work/vyasfather/vyasfather/NotesApp/LagnasTabView.swift /Users/runner/work/vyasfather/vyasfather/NotesApp/SixtyFourTwentyTwoCalc.swift /Users/runner/work/vyasfather/vyasfather/NotesApp/SixtyFourTwentyTwoTabView.swift /Users/runner/work/vyasfather/vyasfather/NotesApp/VedicChartView.swift /Users/runner/Library/Developer/Xcode/DerivedData/NotesApp-etoxexwexniwcybabliihwhqpohf/Build/Intermediates.noindex/ArchiveIntermediates/NotesApp/IntermediateBuildFilesPath/NotesApp.build/Release-iphoneos/NotesApp.build/DerivedSources/CoreDataGenerated/NotesModel/HydrationEntry+CoreDataClass.swift /Users/runner/Library/Developer/Xcode/DerivedData/NotesApp-etoxexwexniwcybabliihwhqpohf/Build/Intermediates.noindex/ArchiveIntermediates/NotesApp/IntermediateBuildFilesPath/NotesApp.build/Release-iphoneos/NotesApp.build/DerivedSources/CoreDataGenerated/NotesModel/HydrationEntry+CoreDataProperties.swift /Users/runner/Library/Developer/Xcode/DerivedData/NotesApp-etoxexwexniwcybabliihwhqpohf/Build/Intermediates.noindex/ArchiveIntermediates/NotesApp/IntermediateBuildFilesPath/NotesApp.build/Release-iphoneos/NotesApp.build/DerivedSources/CoreDataGenerated/NotesModel/UserSettings+CoreDataClass.swift /Users/runner/Library/Developer/Xcode/DerivedData/NotesApp-etoxexwexniwcybabliihwhqpohf/Build/Intermediates.noindex/ArchiveIntermediates/NotesApp/IntermediateBuildFilesPath/NotesApp.build/Release-iphoneos/NotesApp.build/DerivedSources/CoreDataGenerated/NotesModel/UserSettings+CoreDataProperties.swift /Users/runner/Library/Developer/Xcode/DerivedData/NotesApp-etoxexwexniwcybabliihwhqpohf/Build/Intermediates.noindex/ArchiveIntermediates/NotesApp/IntermediateBuildFilesPath/NotesApp.build/Release-iphoneos/NotesApp.build/DerivedSources/CoreDataGenerated/NotesModel/NotesModel+CoreDataModel.swift /Users/runner/Library/Developer/Xcode/DerivedData/NotesApp-etoxexwexniwcybabliihwhqpohf/Build/Intermediates.noindex/ArchiveIntermediates/NotesApp/IntermediateBuildFilesPath/NotesApp.build/Release-iphoneos/NotesApp.build/DerivedSources/GeneratedAssetSymbols.swift /Applications/Xcode_26.0.1.app/Contents/Developer/Toolchains/XcodeDefault.xctoolchain/usr/lib/swift/iphoneos/prebuilt-modules/26.0/_DarwinFoundation3.swiftmodule/arm64e-apple-ios.swiftmodule /Applications/Xcode_26.0.1.app/Contents/Developer/Toolchains/XcodeDefault.xctoolchain/usr/lib/swift/iphoneos/prebuilt-modules/26.0/_StringProcessing.swiftmodule/arm64e-apple-ios.swiftmodule /Applications/Xcode_26.0.1.app/Contents/Developer/Toolchains/XcodeDefault.xctoolchain/usr/lib/swift/iphoneos/prebuilt-modules/26.0/System.swiftmodule/arm64e-apple-ios.swiftmodule /Applications/Xcode_26.0.1.app/Contents/Developer/Toolchains/XcodeDefault.xctoolchain/usr/lib/swift/iphoneos/prebuilt-modules/26.0/CoreTransferable.swiftmodule/arm64e-apple-ios.swiftmodule /Applications/Xcode_26.0.1.app/Contents/Developer/Toolchains/XcodeDefault.xctoolchain/usr/lib/swift/iphoneos/prebuilt-modules/26.0/CoreFoundation.swiftmodule/arm64e-apple-ios.swiftmodule /Applications/Xcode_26.0.1.app/Contents/Developer/Toolchains/XcodeDefault.xctoolchain/usr/lib/swift/iphoneos/prebuilt-modules/26.0/_DarwinFoundation1.swiftmodule/arm64e-apple-ios.swiftmodule /Applications/Xcode_26.0.1.app/Contents/Developer/Toolchains/XcodeDefault.xctoolchain/usr/lib/swift/iphoneos/prebuilt-modules/26.0/Swift.swiftmodule/arm64e-apple-ios.swiftmodule /Applications/Xcode_26.0.1.app/Contents/Developer/Toolchains/XcodeDefault.xctoolchain/usr/lib/swift/iphoneos/prebuilt-modules/26.0/QuartzCore.swiftmodule/arm64e-apple-ios.swiftmodule /Applications/Xcode_26.0.1.app/Contents/Developer/Toolchains/XcodeDefault.xctoolchain/usr/lib/swift/iphoneos/prebuilt-modules/26.0/Observation.swiftmodule/arm64e-apple-ios.swiftmodule /Applications/Xcode_26.0.1.app/Contents/Developer/Toolchains/XcodeDefault.xctoolchain/usr/lib/swift/iphoneos/prebuilt-modules/26.0/Darwin.swiftmodule/arm64e-apple-ios.swiftmodule /Applications/Xcode_26.0.1.app/Contents/Developer/Toolchains/XcodeDefault.xctoolchain/usr/lib/swift/iphoneos/prebuilt-modules/26.0/Metal.swiftmodule/arm64e-apple-ios.swiftmodule /Applications/Xcode_26.0.1.app/Contents/Developer/Toolchains/XcodeDefault.xctoolchain/usr/lib/swift/iphoneos/prebuilt-modules/26.0/SwiftUI.swiftmodule/arm64e-apple-ios.swiftmodule /Applications/Xcode_26.0.1.app/Contents/Developer/Toolchains/XcodeDefault.xctoolchain/usr/lib/swift/iphoneos/prebuilt-modules/26.0/CoreLocation.swiftmodule/arm64e-apple-ios.swiftmodule /Applications/Xcode_26.0.1.app/Contents/Developer/Toolchains/XcodeDefault.xctoolchain/usr/lib/swift/iphoneos/prebuilt-modules/26.0/XPC.swiftmodule/arm64e-apple-ios.swiftmodule /Applications/Xcode_26.0.1.app/Contents/Developer/Toolchains/XcodeDefault.xctoolchain/usr/lib/swift/iphoneos/prebuilt-modules/26.0/Foundation.swiftmodule/arm64e-apple-ios.swiftmodule /Applications/Xcode_26.0.1.app/Contents/Developer/Toolchains/XcodeDefault.xctoolchain/usr/lib/swift/iphoneos/prebuilt-modules/26.0/_DarwinFoundation2.swiftmodule/arm64e-apple-ios.swiftmodule /Applications/Xcode_26.0.1.app/Contents/Developer/Toolchains/XcodeDefault.xctoolchain/usr/lib/swift/iphoneos/prebuilt-modules/26.0/Spatial.swiftmodule/arm64e-apple-ios.swiftmodule /Applications/Xcode_26.0.1.app/Contents/Developer/Toolchains/XcodeDefault.xctoolchain/usr/lib/swift/iphoneos/prebuilt-modules/26.0/SwiftUICore.swiftmodule/arm64e-apple-ios.swiftmodule /Applications/Xcode_26.0.1.app/Contents/Developer/Toolchains/XcodeDefault.xctoolchain/usr/lib/swift/iphoneos/prebuilt-modules/26.0/simd.swiftmodule/arm64e-apple-ios.swiftmodule /Applications/Xcode_26.0.1.app/Contents/Developer/Toolchains/XcodeDefault.xctoolchain/usr/lib/swift/iphoneos/prebuilt-modules/26.0/Accessibility.swiftmodule/arm64e-apple-ios.swiftmodule /Applications/Xcode_26.0.1.app/Contents/Developer/Toolchains/XcodeDefault.xctoolchain/usr/lib/swift/iphoneos/prebuilt-modules/26.0/CoreText.swiftmodule/arm64e-apple-ios.swiftmodule /Applications/Xcode_26.0.1.app/Contents/Developer/Toolchains/XcodeDefault.xctoolchain/usr/lib/swift/iphoneos/prebuilt-modules/26.0/OSLog.swiftmodule/arm64e-apple-ios.swiftmodule /Applications/Xcode_26.0.1.app/Contents/Developer/Toolchains/XcodeDefault.xctoolchain/usr/lib/swift/iphoneos/prebuilt-modules/26.0/os.swiftmodule/arm64e-apple-ios.swiftmodule /Applications/Xcode_26.0.1.app/Contents/Developer/Toolchains/XcodeDefault.xctoolchain/usr/lib/swift/iphoneos/prebuilt-modules/26.0/ObjectiveC.swiftmodule/arm64e-apple-ios.swiftmodule /Applications/Xcode_26.0.1.app/Contents/Developer/Toolchains/XcodeDefault.xctoolchain/usr/lib/swift/iphoneos/prebuilt-modules/26.0/UniformTypeIdentifiers.swiftmodule/arm64e-apple-ios.swiftmodule /Applications/Xcode_26.0.1.app/Contents/Developer/Toolchains/XcodeDefault.xctoolchain/usr/lib/swift/iphoneos/prebuilt-modules/26.0/DeveloperToolsSupport.swiftmodule/arm64e-apple-ios.swiftmodule /Applications/Xcode_26.0.1.app/Contents/Developer/Toolchains/XcodeDefault.xctoolchain/usr/lib/swift/iphoneos/prebuilt-modules/26.0/Combine.swiftmodule/arm64e-apple-ios.swiftmodule /Applications/Xcode_26.0.1.app/Contents/Developer/Toolchains/XcodeDefault.xctoolchain/usr/lib/swift/iphoneos/prebuilt-modules/26.0/MapKit.swiftmodule/arm64e-apple-ios.swiftmodule /Applications/Xcode_26.0.1.app/Contents/Developer/Toolchains/XcodeDefault.xctoolchain/usr/lib/swift/iphoneos/prebuilt-modules/26.0/DataDetection.swiftmodule/arm64e-apple-ios.swiftmodule /Applications/Xcode_26.0.1.app/Contents/Developer/Toolchains/XcodeDefault.xctoolchain/usr/lib/swift/iphoneos/prebuilt-modules/26.0/Symbols.swiftmodule/arm64e-apple-ios.swiftmodule /Applications/Xcode_26.0.1.app/Contents/Developer/Toolchains/XcodeDefault.xctoolchain/usr/lib/swift/iphoneos/prebuilt-modules/26.0/_Builtin_float.swiftmodule/arm64e-apple-ios.swiftmodule /Applications/Xcode_26.0.1.app/Contents/Developer/Toolchains/XcodeDefault.xctoolchain/usr/lib/swift/iphoneos/prebuilt-modules/26.0/Dispatch.swiftmodule/arm64e-apple-ios.swiftmodule /Applications/Xcode_26.0.1.app/Contents/Developer/Toolchains/XcodeDefault.xctoolchain/usr/lib/swift/iphoneos/prebuilt-modules/26.0/FileProvider.swiftmodule/arm64e-apple-ios.swiftmodule /Applications/Xcode_26.0.1.app/Contents/Developer/Toolchains/XcodeDefault.xctoolchain/usr/lib/swift/iphoneos/prebuilt-modules/26.0/GeoToolbox.swiftmodule/arm64e-apple-ios.swiftmodule /Applications/Xcode_26.0.1.app/Contents/Developer/Toolchains/XcodeDefault.xctoolchain/usr/lib/swift/iphoneos/prebuilt-modules/26.0/CoreImage.swiftmodule/arm64e-apple-ios.swiftmodule /Applications/Xcode_26.0.1.app/Contents/Developer/Toolchains/XcodeDefault.xctoolchain/usr/lib/swift/iphoneos/prebuilt-modules/26.0/_MapKit_SwiftUI.swiftmodule/arm64e-apple-ios.swiftmodule /Applications/Xcode_26.0.1.app/Contents/Developer/Toolchains/XcodeDefault.xctoolchain/usr/lib/swift/iphoneos/prebuilt-modules/26.0/_Concurrency.swiftmodule/arm64e-apple-ios.swiftmodule /Applications/Xcode_26.0.1.app/Contents/Developer/Toolchains/XcodeDefault.xctoolchain/usr/lib/swift/iphoneos/prebuilt-modules/26.0/CoreGraphics.swiftmodule/arm64e-apple-ios.swiftmodule /Applications/Xcode_26.0.1.app/Contents/Developer/Toolchains/XcodeDefault.xctoolchain/usr/lib/swift/iphoneos/prebuilt-modules/26.0/CoreData.swiftmodule/arm64e-apple-ios.swiftmodule /Applications/Xcode_26.0.1.app/Contents/Developer/Toolchains/XcodeDefault.xctoolchain/usr/lib/swift/iphoneos/prebuilt-modules/26.0/CoreVideo.swiftmodule/arm64e-apple-ios.swiftmodule /Applications/Xcode_26.0.1.app/Contents/Developer/Toolchains/XcodeDefault.xctoolchain/usr/lib/swift/iphoneos/prebuilt-modules/26.0/UIKit.swiftmodule/arm64e-apple-ios.swiftmodule /Users/runner/Library/Developer/Xcode/DerivedData/ModuleCache.noindex/CoreFoundation-2L4O5SIVVNW7M5P87T1XF5OYI.pcm /Users/runner/Library/Developer/Xcode/DerivedData/ModuleCache.noindex/OSLog-9PO079U4T1G1LP8S2YPUJWBZA.pcm /Users/runner/Library/Developer/Xcode/DerivedData/ModuleCache.noindex/os_object-AUJ0U64R0QIXXA4LPBV6Y91FB.pcm /Users/runner/Library/Developer/Xcode/DerivedData/ModuleCache.noindex/_Builtin_stddef-BCN5UZKFGITR7ZRCKPL0XV6NH.pcm /Users/runner/Library/Developer/Xcode/DerivedData/ModuleCache.noindex/MachO-CVHLH2GYTOEPOLMSLEVV61F1X.pcm /Users/runner/Library/Developer/Xcode/DerivedData/ModuleCache.noindex/CoreText-A9M3SPGAPV3SY7YHHIO5JWX8H.pcm /Users/runner/Library/Developer/Xcode/DerivedData/ModuleCache.noindex/Symbols-2FZB5AB69AFXFHU8B3M56Y7NB.pcm /Users/runner/Library/Developer/Xcode/DerivedData/ModuleCache.noindex/OpenGLES-F2KFK56NZQ65D0H35CC08GL13.pcm /Users/runner/Library/Developer/Xcode/DerivedData/ModuleCache.noindex/XPC-D51TOL6KMG2RGCWCH2BXI93P.pcm /Users/runner/Library/Developer/Xcode/DerivedData/ModuleCache.noindex/_DarwinFoundation1-C4GMY5GJL27V67BC5GLXL6RIS.pcm /Users/runner/Library/Developer/Xcode/DerivedData/ModuleCache.noindex/sys_types-5HXOG0DU2OYW3S1Q29RL7PL63.pcm /Users/runner/Library/Developer/Xcode/DerivedData/ModuleCache.noindex/CoreGraphics-9TSHA2JH95RH8D9QYN7DFV8QT.pcm /Users/runner/Library/Developer/Xcode/DerivedData/ModuleCache.noindex/ptrauth-DNC48MLQZWYGD5SJ5HWZM6P46.pcm /Users/runner/Library/Developer/Xcode/DerivedData/ModuleCache.noindex/SwiftShims-729RK0AG4RLNXRNPZ5CEVPYCL.pcm /Users/runner/Library/Developer/Xcode/DerivedData/ModuleCache.noindex/os-EWI5QL6OJBTUQZKNMKOMU4GWF.pcm /Users/runner/Library/Developer/Xcode/DerivedData/ModuleCache.noindex/CoreVideo-4RQLPJW95GAI8M6EXQ0MYJLW7.pcm /Users/runner/Library/Developer/Xcode/DerivedData/ModuleCache.noindex/_Builtin_intrinsics-30WBM5K2R1MC2I220BS6KD47Z.pcm /Users/runner/Library/Developer/Xcode/DerivedData/ModuleCache.noindex/os_workgroup-COJ7YOPUPZLAQNEZAX23Y4ZE4.pcm /Users/runner/Library/Developer/Xcode/DerivedData/ModuleCache.noindex/CoreImage-CI97WNAUXMED66ZKD7WAAHR6U.pcm /Users/runner/Library/Developer/Xcode/DerivedData/ModuleCache.noindex/_Builtin_tgmath-3ZF2NMDBDQQN37E1XMTYNAQ0Y.pcm /Users/runner/Library/Developer/Xcode/DerivedData/ModuleCache.noindex/IOSurface-9YMPTTCBKQ8SN5R8D0K704TC1.pcm /Users/runner/Library/Developer/Xcode/DerivedData/ModuleCache.noindex/FileProvider-EWJIZAIZUERRXMTQ3TTYW7EPT.pcm /Users/runner/Library/Developer/Xcode/DerivedData/ModuleCache.noindex/Security-9VFL9IB8YO33PBBJHPU1YBEVE.pcm /Users/runner/Library/Developer/Xcode/DerivedData/ModuleCache.noindex/_LocationEssentials-BX5FDMLC71RV864D7B2EDGDAK.pcm /Users/runner/Library/Developer/Xcode/DerivedData/ModuleCache.noindex/CoreLocation-56QQ42TIKVS6XJSGE8UUERSX1.pcm /Users/runner/Library/Developer/Xcode/DerivedData/ModuleCache.noindex/_Builtin_limits-586IO2Q4GEPFTFV4IRQ5FNWRR.pcm /Users/runner/Library/Developer/Xcode/DerivedData/ModuleCache.noindex/Spatial-2K78JFZ044PP6X7943F0JL00H.pcm /Users/runner/Library/Developer/Xcode/DerivedData/ModuleCache.noindex/ObjectiveC-8V2PWUULKPXWRBDXNE2BKE1BJ.pcm /Users/runner/Library/Developer/Xcode/DerivedData/ModuleCache.noindex/_Builtin_float-DSICRM00A0IHM2RV3M1PUDXJC.pcm /Users/runner/Library/Developer/Xcode/DerivedData/ModuleCache.noindex/Accessibility-72H5DGDZJSCOB9T48PC4RWGUR.pcm /Users/runner/Library/Developer/Xcode/DerivedData/ModuleCache.noindex/UniformTypeIdentifiers-47LXFV6O1V36Q1912GEWOLFNA.pcm /Users/runner/Library/Developer/Xcode/DerivedData/ModuleCache.noindex/_DarwinFoundation3-JD4MMCU08CNDI8D8QFYVZDC3.pcm /Users/runner/Library/Developer/Xcode/DerivedData/ModuleCache.noindex/_DarwinFoundation2-6ADNO32KZEHEK53UWCW60DAFQ.pcm /Users/runner/Library/Developer/Xcode/DerivedData/ModuleCache.noindex/_Builtin_stdarg-9Y4GU7MTA8DBNH1PACULN7G8Y.pcm /Users/runner/Library/Developer/Xcode/DerivedData/ModuleCache.noindex/_Builtin_stdbool-BU6A90G0BL93UCVHPFOADHETH.pcm /Users/runner/Library/Developer/Xcode/DerivedData/ModuleCache.noindex/DataDetection-65QR7EQGZM8NPFAZ5CC20MEJF.pcm /Users/runner/Library/Developer/Xcode/DerivedData/ModuleCache.noindex/ptrcheck-CSG821Y62FW54DU5Q3NJ3BXXK.pcm /Users/runner/Library/Developer/Xcode/DerivedData/ModuleCache.noindex/CoreTransferable-3IYPRRPKICF90NP07RDAUBV67.pcm /Users/runner/Library/Developer/Xcode/DerivedData/ModuleCache.noindex/_Builtin_inttypes-62UOWMKMLEV9XBHM5G186VZAH.pcm /Users/runner/Library/Developer/Xcode/DerivedData/ModuleCache.noindex/_SwiftConcurrencyShims-ABAP3XK4FPZ0HOQN2OA37HGW1.pcm /Users/runner/Library/Developer/Xcode/DerivedData/ModuleCache.noindex/UIKit-DB427KMNGOPCV878UTWFYYT01.pcm /Users/runner/Library/Developer/Xcode/DerivedData/ModuleCache.noindex/DeveloperToolsSupport-HCZMCF2IFW7XDM9N7A06STUF.pcm /Users/runner/Library/Developer/Xcode/DerivedData/ModuleCache.noindex/MapKit-CUYIKR7RTMHNAHZX47LXNDLD2.pcm /Users/runner/Library/Developer/Xcode/DerivedData/ModuleCache.noindex/CoreData-4R5CXE55DPVEZ08F2ZM56N0HE.pcm /Users/runner/Library/Developer/Xcode/DerivedData/ModuleCache.noindex/Darwin-U8PUF732SX13N33G09IAAQOS.pcm /Users/runner/Library/Developer/Xcode/DerivedData/ModuleCache.noindex/Foundation-A95BH4TQXZVOJUCJN0DIP56BB.pcm /Users/runner/Library/Developer/Xcode/DerivedData/ModuleCache.noindex/UIUtilities-DTLAW841QZLFVKVXH2ED11ZC0.pcm /Users/runner/Library/Developer/Xcode/DerivedData/ModuleCache.noindex/UserNotifications-1Y7EX84IYVX9YSZQANX8V93XQ.pcm /Users/runner/Library/Developer/Xcode/DerivedData/ModuleCache.noindex/CFNetwork-DTTIM1ZKDYDUINM30JGIYEV8X.pcm /Users/runner/Library/Developer/Xcode/DerivedData/ModuleCache.noindex/_Builtin_stdint-379KIWUSTSQGLC7FGPEAQ6AS7.pcm /Users/runner/Library/Developer/Xcode/DerivedData/ModuleCache.noindex/Metal-96BFSLK4OEZGZLY7WGCHZW1CS.pcm /Users/runner/Library/Developer/Xcode/DerivedData/ModuleCache.noindex/_Builtin_stdatomic-DGHOMB92ZJDMG52O1936F23SA.pcm /Users/runner/Library/Developer/Xcode/DerivedData/ModuleCache.noindex/Dispatch-7KNT5O4HDUREECLDI0GL3OEQ6.pcm /Users/runner/Library/Developer/Xcode/DerivedData/ModuleCache.noindex/_AvailabilityInternal-3ATYOQX7Y8FLM8A2YCZJ3XY20.pcm /Users/runner/Library/Developer/Xcode/DerivedData/ModuleCache.noindex/SwiftUI-CVPINHMD2655GQUYRFVEN7P12.pcm /Users/runner/Library/Developer/Xcode/DerivedData/ModuleCache.noindex/ImageIO-AIXE908AL0IQ02V7C59YWKYOV.pcm /Users/runner/Library/Developer/Xcode/DerivedData/ModuleCache.noindex/QuartzCore-5MBENFANP60MA955OZ6721AZV.pcm /Users/runner/Library/Developer/Xcode/DerivedData/ModuleCache.noindex/SwiftUICore-3STSSDJJHXV1GLC66UKOTQU87.pcm /Users/runner/Library/Developer/Xcode/DerivedData/ModuleCache.noindex/simd-3O670MLI2MMW0ZLUGJAAWYUR2.pcm /Users/runner/Library/Developer/Xcode/DerivedData/NotesApp-etoxexwexniwcybabliihwhqpohf/Build/Intermediates.noindex/ArchiveIntermediates/NotesApp/IntermediateBuildFilesPath/NotesApp.build/Release-iphoneos/NotesApp.build/Objects-normal/arm64/BirthInfo-dependencies-1.json /Users/runner/Library/Developer/Xcode/DerivedData/NotesApp-etoxexwexniwcybabliihwhqpohf/Build/Intermediates.noindex/ArchiveIntermediates/NotesApp/IntermediateBuildFilesPath/NotesApp.build/Release-iphoneos/NotesApp.build/Objects-normal/arm64/NotesApp-primary-Bridging-header.pch (in target 'NotesApp' from project 'NotesApp')
build-ipa	Archive (Release, unsigned)	2025-10-22T03:32:56.9865600Z 	Archiving project NotesApp with scheme NotesApp
build-ipa	Archive (Release, unsigned)	2025-10-22T03:32:56.9865930Z (3 failures)
build-ipa	Archive (Release, unsigned)	2025-10-22T03:32:56.9866480Z LinkAssetCatalog /Users/runner/work/vyasfather/vyasfather/NotesApp/Assets.xcassets (in target 'NotesApp' from project 'NotesApp')
build-ipa	Archive (Release, unsigned)	2025-10-22T03:32:56.9867080Z     cd /Users/runner/work/vyasfather/vyasfather
build-ipa	Archive (Release, unsigned)	2025-10-22T03:32:56.9874810Z     builtin-linkAssetCatalog --thinned /Users/runner/Library/Developer/Xcode/DerivedData/NotesApp-etoxexwexniwcybabliihwhqpohf/Build/Intermediates.noindex/ArchiveIntermediates/NotesApp/IntermediateBuildFilesPath/NotesApp.build/Release-iphoneos/NotesApp.build/assetcatalog_output/thinned --thinned-dependencies /Users/runner/Library/Developer/Xcode/DerivedData/NotesApp-etoxexwexniwcybabliihwhqpohf/Build/Intermediates.noindex/ArchiveIntermediates/NotesApp/IntermediateBuildFilesPath/NotesApp.build/Release-iphoneos/NotesApp.build/assetcatalog_dependencies_thinned --thinned-info-plist-content /Users/runner/Library/Developer/Xcode/DerivedData/NotesApp-etoxexwexniwcybabliihwhqpohf/Build/Intermediates.noindex/ArchiveIntermediates/NotesApp/IntermediateBuildFilesPath/NotesApp.build/Release-iphoneos/NotesApp.build/assetcatalog_generated_info.plist_thinned --unthinned /Users/runner/Library/Developer/Xcode/DerivedData/NotesApp-etoxexwexniwcybabliihwhqpohf/Build/Intermediates.noindex/ArchiveIntermediates/NotesApp/IntermediateBuildFilesPath/NotesApp.build/Release-iphoneos/NotesApp.build/assetcatalog_output/unthinned --unthinned-dependencies /Users/runner/Library/Developer/Xcode/DerivedData/NotesApp-etoxexwexniwcybabliihwhqpohf/Build/Intermediates.noindex/ArchiveIntermediates/NotesApp/IntermediateBuildFilesPath/NotesApp.build/Release-iphoneos/NotesApp.build/assetcatalog_dependencies_unthinned --unthinned-info-plist-content /Users/runner/Library/Developer/Xcode/DerivedData/NotesApp-etoxexwexniwcybabliihwhqpohf/Build/Intermediates.noindex/ArchiveIntermediates/NotesApp/IntermediateBuildFilesPath/NotesApp.build/Release-iphoneos/NotesApp.build/assetcatalog_generated_info.plist_unthinned --output /Users/runner/Library/Developer/Xcode/DerivedData/NotesApp-etoxexwexniwcybabliihwhqpohf/Build/Intermediates.noindex/ArchiveIntermediates/NotesApp/InstallationBuildProductsLocation/Applications/BirthInfo.app --plist-output /Users/runner/Library/Developer/Xcode/DerivedData/NotesApp-etoxexwexniwcybabliihwhqpohf/Build/Intermediates.noindex/ArchiveIntermediates/NotesApp/IntermediateBuildFilesPath/NotesApp.build/Release-iphoneos/NotesApp.build/assetcatalog_generated_info.plist
build-ipa	Archive (Release, unsigned)	2025-10-22T03:32:56.9883960Z note: Emplaced /Users/runner/Library/Developer/Xcode/DerivedData/NotesApp-etoxexwexniwcybabliihwhqpohf/Build/Intermediates.noindex/ArchiveIntermediates/NotesApp/InstallationBuildProductsLocation/Applications/BirthInfo.app/Assets.car (in target 'NotesApp' from project 'NotesApp')
build-ipa	Archive (Release, unsigned)	2025-10-22T03:32:56.9885980Z note: Emplaced /Users/runner/Library/Developer/Xcode/DerivedData/NotesApp-etoxexwexniwcybabliihwhqpohf/Build/Intermediates.noindex/ArchiveIntermediates/NotesApp/InstallationBuildProductsLocation/Applications/BirthInfo.app/AppIcon60x60@2x.png (in target 'NotesApp' from project 'NotesApp')
build-ipa	Archive (Release, unsigned)	2025-10-22T03:32:56.9888380Z note: Emplaced /Users/runner/Library/Developer/Xcode/DerivedData/NotesApp-etoxexwexniwcybabliihwhqpohf/Build/Intermediates.noindex/ArchiveIntermediates/NotesApp/InstallationBuildProductsLocation/Applications/BirthInfo.app/AppIcon76x76@2x~ipad.png (in target 'NotesApp' from project 'NotesApp')
build-ipa	Archive (Release, unsigned)	2025-10-22T03:32:56.9889430Z 
build-ipa	Archive (Release, unsigned)	2025-10-22T03:32:56.9891270Z ProcessInfoPlistFile /Users/runner/Library/Developer/Xcode/DerivedData/NotesApp-etoxexwexniwcybabliihwhqpohf/Build/Intermediates.noindex/ArchiveIntermediates/NotesApp/InstallationBuildProductsLocation/Applications/BirthInfo.app/Info.plist /Users/runner/Library/Developer/Xcode/DerivedData/NotesApp-etoxexwexniwcybabliihwhqpohf/Build/Intermediates.noindex/ArchiveIntermediates/NotesApp/IntermediateBuildFilesPath/NotesApp.build/Release-iphoneos/NotesApp.build/empty-BirthInfo.plist (in target 'NotesApp' from project 'NotesApp')
build-ipa	Archive (Release, unsigned)	2025-10-22T03:32:56.9893090Z     cd /Users/runner/work/vyasfather/vyasfather
build-ipa	Archive (Release, unsigned)	2025-10-22T03:32:56.9896710Z     builtin-infoPlistUtility /Users/runner/Library/Developer/Xcode/DerivedData/NotesApp-etoxexwexniwcybabliihwhqpohf/Build/Intermediates.noindex/ArchiveIntermediates/NotesApp/IntermediateBuildFilesPath/NotesApp.build/Release-iphoneos/NotesApp.build/empty-BirthInfo.plist -producttype com.apple.product-type.application -genpkginfo /Users/runner/Library/Developer/Xcode/DerivedData/NotesApp-etoxexwexniwcybabliihwhqpohf/Build/Intermediates.noindex/ArchiveIntermediates/NotesApp/InstallationBuildProductsLocation/Applications/BirthInfo.app/PkgInfo -expandbuildsettings -format binary -platform iphoneos -additionalcontentfile /Users/runner/Library/Developer/Xcode/DerivedData/NotesApp-etoxexwexniwcybabliihwhqpohf/Build/Intermediates.noindex/ArchiveIntermediates/NotesApp/IntermediateBuildFilesPath/NotesApp.build/Release-iphoneos/NotesApp.build/assetcatalog_generated_info.plist -requiredArchitecture arm64 -o /Users/runner/Library/Developer/Xcode/DerivedData/NotesApp-etoxexwexniwcybabliihwhqpohf/Build/Intermediates.noindex/ArchiveIntermediates/NotesApp/InstallationBuildProductsLocation/Applications/BirthInfo.app/Info.plist
build-ipa	Archive (Release, unsigned)	2025-10-22T03:32:56.9901130Z 
build-ipa	Archive (Release, unsigned)	2025-10-22T03:32:57.0083700Z ##[error]Process completed with exit code 65.
build-ipa	Post Checkout	﻿2025-10-22T03:32:57.0267230Z Post job cleanup.
build-ipa	Post Checkout	2025-10-22T03:32:57.4135900Z [command]/opt/homebrew/bin/git version
build-ipa	Post Checkout	2025-10-22T03:32:57.4484070Z git version 2.50.1
build-ipa	Post Checkout	2025-10-22T03:32:57.4538070Z Copying '/Users/runner/.gitconfig' to '/Users/runner/work/_temp/535bb438-13ab-44db-9d2e-da0e80003fa7/.gitconfig'
build-ipa	Post Checkout	2025-10-22T03:32:57.4557630Z Temporarily overriding HOME='/Users/runner/work/_temp/535bb438-13ab-44db-9d2e-da0e80003fa7' before making global git config changes
build-ipa	Post Checkout	2025-10-22T03:32:57.4559750Z Adding repository directory to the temporary git global config as a safe directory
build-ipa	Post Checkout	2025-10-22T03:32:57.4568110Z [command]/opt/homebrew/bin/git config --global --add safe.directory /Users/runner/work/vyasfather/vyasfather
build-ipa	Post Checkout	2025-10-22T03:32:57.4944140Z [command]/opt/homebrew/bin/git config --local --name-only --get-regexp core\.sshCommand
build-ipa	Post Checkout	2025-10-22T03:32:57.5067610Z [command]/opt/homebrew/bin/git submodule foreach --recursive sh -c "git config --local --name-only --get-regexp 'core\.sshCommand' && git config --local --unset-all 'core.sshCommand' || :"
build-ipa	Post Checkout	2025-10-22T03:32:57.6690690Z [command]/opt/homebrew/bin/git config --local --name-only --get-regexp http\.https\:\/\/github\.com\/\.extraheader
build-ipa	Post Checkout	2025-10-22T03:32:57.6809340Z http.https://github.com/.extraheader
build-ipa	Post Checkout	2025-10-22T03:32:57.6820870Z [command]/opt/homebrew/bin/git config --local --unset-all http.https://github.com/.extraheader
build-ipa	Post Checkout	2025-10-22T03:32:57.6919400Z [command]/opt/homebrew/bin/git submodule foreach --recursive sh -c "git config --local --name-only --get-regexp 'http\.https\:\/\/github\.com\/\.extraheader' && git config --local --unset-all 'http.https://github.com/.extraheader' || :"
build-ipa	Complete job	﻿2025-10-22T03:32:57.8391980Z Cleaning up orphan processes
build-ipa	Complete job	2025-10-22T03:32:58.0296630Z Terminate orphan process: pid (3724) (ibtoold)
